NAIC,Company Name,Ratio,Upheld Complaints,Question of Fact Complaints,Not Upheld Complaints,Total Complaints,Premiums Written (in Millions),Rank,Filing Year
32786,Progressive Specialty Insurance Company,0,0,17,29,46,204.173,1,2016
19976,Amica Mutual Insurance Company,0,0,9,8,17,84.769,2,2016
25453,Nationwide Insurance Company of America,0,0,9,4,13,65.335,3,2016
15024,Preferred Mutual Insurance Company,0,0,3,2,5,62.505,4,2016
10052,Chubb National Insurance Company,0,0,1,2,3,46.735,5,2016
43478,Utica National Insurance Company of Texas,0,0,4,4,8,43.693,6,2016
16233,Erie Insurance Company of New York,0,0,5,2,7,35.072,7,2016
42919,Progressive Northwestern Insurance Company,0,0,0,4,4,32.511,8,2016
34460,Maidstone Insurance Company,0,0,4,11,15,30.867,9,2016
36145,Travelers Personal Security Insurance Company,0,0,1,0,1,30.397,10,2016
25712,Esurance Insurance Company,0,0,4,9,13,29.776,11,2016
29742,Integon National Insurance Company,0,0,0,5,5,26.249,12,2016
11252,Encompass Home and Auto Insurance Company,0,0,1,3,4,23.911,13,2016
30210,Esurance Property and Casualty Insurance Company,0,0,3,7,10,23.263,14,2016
13803,Farm Family Casualty Insurance Company,0,0,0,1,1,22.796,15,2016
18279,Bankers Standard Insurance Company,0,0,0,0,0,20.956,16,2016
11185,"Foremost Insurance Company Grand Rapids, Michigan",0,0,2,6,8,19.667,17,2016
36137,Travelers Commercial Insurance Company,0,0,1,2,3,18.093,18,2016
20303,Great Northern Insurance Company,0,0,0,0,0,17.419,19,2016
37915,Essentia Insurance Company,0,0,0,0,0,16.934,20,2016
12901,Merchants Preferred Insurance Company,0,0,3,0,3,16.023,21,2016
36587,21st Century National Insurance Company,0,0,1,2,3,15.572,22,2016
37478,Hartford Insurance Company of the Midwest,0,0,0,3,3,15.374,23,2016
32220,21st Century North America Insurance Company,0,0,0,2,2,14.056,24,2016
19240,Allstate Indemnity Company,0,0,5,4,9,14.044,25,2016
12873,Privilege Underwriters Reciprocal Exchange,0,0,0,0,0,14.028,26,2016
29939,Main Street America Assurance Company,0,0,0,1,1,12.493,27,2016
34789,21st Century Centennial Insurance Company,0,0,1,3,4,11.733,28,2016
40649,Economy Premier Assurance Company,0,0,1,1,2,11.331,29,2016
25623,Phoenix Insurance Company,0,0,0,0,0,11.177,30,2016
10226,Unitrin Direct Insurance Company,0,0,0,1,1,11.008,31,2016
16063,Unitrin Auto and Home Insurance Company,0,0,0,1,1,10.772,32,2016
37770,CSAA General Insurance Company,0,0,1,2,3,9.918,33,2016
21261,Electric Insurance Company,0,0,0,0,0,9.881,34,2016
10071,Encompass Insurance Company of America,0,0,1,4,5,9.421,35,2016
12831,"State National Insurance Company, Inc.",0,0,0,2,2,9.399,36,2016
12777,Chubb Indemnity Insurance Company,0,0,0,0,0,9.336,37,2016
11000,"Sentinel Insurance Company, Ltd.",0,0,1,1,2,9.141,38,2016
25976,Utica Mutual Insurance Company,0,0,2,0,2,8.919,39,2016
19062,"Automobile Insurance Company of Hartford, Connecticut",0,0,0,1,1,8.253,40,2016
23582,Harleysville Insurance Company,0,0,0,0,0,8.193,41,2016
28188,TravCo Insurance Company,0,0,0,0,0,7.647,42,2016
14788,NGM Insurance Company,0,0,0,1,1,7.589,43,2016
15130,Encompass Indemnity Company,0,0,0,1,1,7.493,44,2016
12475,Republic-Franklin Insurance Company,0,0,0,0,0,7.094,45,2016
14311,Interboro Insurance Company,0,0,3,5,8,6.635,46,2016
10677,Cincinnati Insurance Company,0,0,0,3,3,6.365,47,2016
10022,Countryway Insurance Company,0,0,0,0,0,6.259,48,2016
25682,Travelers Indemnity Company of Connecticut,0,0,1,2,3,6.217,49,2016
23469,American Modern Home Insurance Company,0,0,0,4,4,5.416,50,2016
12287,Amica Property and Casualty Insurance Company,0,0,0,0,0,5.323,51,2016
25615,Charter Oak Fire Insurance Company,0,0,1,0,1,4.405,52,2016
10723,Nationwide Assurance Company,0,0,0,1,1,4.19,53,2016
43974,21st Century Indemnity Insurance Company,0,0,2,0,2,4.109,54,2016
10644,Victoria Automobile Insurance Company,0,0,0,3,3,3.764,55,2016
10806,Farmers New Century Insurance Company,0,0,1,1,2,3.613,56,2016
22748,Pacific Employers Insurance Company,0,0,0,0,0,3.384,57,2016
23728,National General Insurance Company,0,0,0,0,0,3.106,58,2016
20796,21st Century Premier Insurance Company,0,0,0,1,1,3.019,59,2016
15210,Sterling Insurance Company,0,0,0,0,0,2.979,60,2016
27930,Integon Casualty Insurance Company,0,0,0,1,1,2.89,61,2016
42404,Liberty Insurance Corporation,0,0,2,1,3,2.843,62,2016
31534,Citizens Insurance Company of America,0,0,0,1,1,2.841,63,2016
20397,Vigilant Insurance Company,0,0,0,0,0,2.77,64,2016
21709,Truck Insurance Exchange,0,0,0,0,0,2.749,65,2016
41483,Farmington Casualty Company,0,0,1,0,1,2.643,66,2016
40754,Blue Ridge Indemnity Company,0,0,0,0,0,2.616,67,2016
22357,Hartford Accident and Indemnity Company,0,0,0,0,0,2.55,68,2016
19429,Insurance Company of the State of Pennsylvania,0,0,0,0,0,2.546,69,2016
21849,American Automobile Insurance Company,0,0,0,0,0,2.433,70,2016
21164,Dairyland Insurance Company,0,0,1,3,4,2.425,71,2016
25658,Travelers Indemnity Company,0,0,2,3,5,2.403,72,2016
19682,Hartford Fire Insurance Company,0,0,0,0,0,2.392,73,2016
41513,Foremost Signature Insurance Company,0,0,0,0,0,2.087,74,2016
21865,Associated Indemnity Corporation,0,0,0,0,0,1.945,75,2016
23647,Ironshore Indemnity Inc.,0,0,0,0,0,1.833,76,2016
19070,Standard Fire Insurance Company,0,0,0,0,0,1.805,77,2016
36170,Travelers Casualty Company of Connecticut,0,0,0,0,0,1.798,78,2016
22306,Massachusetts Bay Insurance Company,0,0,0,0,0,1.741,79,2016
23450,American Family Home Insurance Company,0,0,0,0,0,1.719,80,2016
34690,Property and Casualty Insurance Company of Hartford,0,0,0,0,0,1.618,81,2016
37648,Permanent General Assurance Corporation,0,0,0,0,0,1.584,82,2016
19615,American Reliable Insurance Company,0,0,0,0,0,1.416,83,2016
35696,Harleysville Preferred Insurance Company,0,0,0,0,0,1.407,84,2016
41491,GEICO Casualty Company,0,0,4,5,9,1.364,85,2016
24740,SAFECO Insurance Company of America,0,0,0,1,1,1.358,86,2016
39217,QBE Insurance Corporation,0,0,1,0,1,1.238,87,2016
20281,Federal Insurance Company,0,0,0,0,0,1.199,88,2016
23779,Nationwide Mutual Fire Insurance Company,0,0,0,0,0,1.048,89,2016
26093,Nationwide Affinity Insurance Company of America,0.007,1,7,31,39,142.454,90,2016
22055,GEICO Indemnity Company,0.0072,7,96,157,260,965.925,91,2016
11851,Progressive Advanced Insurance Company,0.0082,2,19,44,65,242.487,92,2016
24279,Progressive Max Insurance Company,0.009,1,11,19,31,110.812,93,2016
24260,Progressive Casualty Insurance Company,0.0092,4,26,66,96,432.722,94,2016
25968,USAA Casualty Insurance Company,0.0098,1,9,14,24,101.955,95,2016
35882,GEICO General Insurance Company,0.0109,24,209,270,503,2199.89,96,2016
22063,Government Employees Insurance Company,0.0131,8,57,66,131,611.054,97,2016
40169,Metropolitan Casualty Insurance Company,0.0141,1,0,6,7,71.166,98,2016
14834,New York Central Mutual Fire Insurance Company,0.0151,4,22,49,75,265.121,99,2016
11044,"National General Insurance Online, Inc.",0.0157,1,2,13,16,63.744,100,2016
23035,Liberty Mutual Fire Insurance Company,0.0164,5,16,35,56,304.589,101,2016
30104,Hartford Underwriters Insurance Company,0.0164,1,4,21,26,60.881,102,2016
10212,Allmerica Financial Alliance Insurance Company,0.0166,1,3,4,8,60.228,103,2016
25941,United Services Automobile Association,0.0181,2,4,12,18,110.483,104,2016
36447,LM General Insurance Company,0.0188,5,21,41,67,266.368,105,2016
29688,Allstate Fire and Casualty Insurance Company,0.0196,13,40,87,140,663.974,106,2016
27998,Travelers Home and Marine Insurance Company,0.02,4,6,8,18,200.222,107,2016
34339,Metropolitan Group Property and Casualty Insurance Company,0.0211,2,4,6,12,94.689,108,2016
29424,Hartford Casualty Insurance Company,0.0214,1,1,10,12,46.658,109,2016
25143,State Farm Fire and Casualty Company,0.0225,4,11,31,46,177.741,110,2016
38130,Travelers Personal Insurance Company,0.0257,4,7,7,18,155.487,111,2016
21687,Mid-Century Insurance Company,0.0274,1,3,8,12,36.431,112,2016
26263,Erie Insurance Company,0.0276,2,5,13,20,72.475,113,2016
12583,Adirondack Insurance Exchange,0.0278,2,6,8,16,72.034,114,2016
19232,Allstate Insurance Company,0.0308,23,91,123,237,747.431,115,2016
25178,State Farm Mutual Automobile Insurance Company,0.0314,45,46,130,221,1434.015,116,2016
17230,Allstate Property and Casualty Insurance Company,0.0325,9,27,27,63,276.824,117,2016
10914,Kemper Independence Insurance Company,0.0353,2,6,5,13,56.63,118,2016
21253,Garrison Property and Casualty Insurance Company,0.0354,2,7,11,20,56.532,119,2016
11105,A. Central Insurance Company,0.0355,1,3,3,7,28.149,120,2016
12504,Ameriprise Insurance Company,0.0367,1,5,9,15,27.276,121,2016
23787,Nationwide Mutual Insurance Company,0.0372,3,5,8,16,80.644,122,2016
18600,USAA General Indemnity Company,0.0381,3,5,15,23,78.813,123,2016
19704,American States Insurance Company,0.0392,4,6,10,20,102.038,124,2016
25275,MAPFRE Insurance Company of New York,0.0396,2,1,7,10,50.529,125,2016
33588,First Liberty Insurance Corporation,0.0565,1,4,0,5,17.7,126,2016
11908,Mercury Casualty Company,0.0567,2,10,17,29,35.293,127,2016
38288,Hartford Insurance Company of Illinois,0.0568,2,2,9,13,35.237,128,2016
25674,Travelers Property Casualty Company of America,0.057,3,3,8,14,52.669,129,2016
12130,New South Insurance Company,0.0572,2,4,8,14,34.955,130,2016
40231,Old Dominion Insurance Company,0.062,2,2,3,7,32.264,131,2016
33600,LM Insurance Corporation,0.0627,1,2,7,10,15.956,132,2016
26298,Metropolitan Property and Casualty Insurance Company,0.0683,1,0,1,2,14.642,133,2016
16322,Progressive Direct Insurance Company,0.0756,1,6,8,15,13.219,134,2016
20052,National Liability & Fire Insurance Company,0.0797,2,9,6,17,25.1,135,2016
11215,SAFECO Insurance Company of Indiana,0.0839,3,4,2,9,35.774,136,2016
25909,Unitrin Preferred Insurance Company,0.0986,1,1,0,2,10.139,137,2016
10111,American Bankers Insurance Company of Florida,0.143,1,0,1,2,6.995,138,2016
23060,Tri-State Consumer Insurance Company,0.1439,2,4,25,31,13.899,139,2016
25232,21st Century Advantage Insurance Company,0.1508,1,0,0,1,6.633,140,2016
13242,Titan Indemnity Company,0.1642,1,2,3,6,6.089,141,2016
42447,National General Assurance Company,0.1769,1,0,0,1,5.651,142,2016
10839,Country-Wide Insurance Company,0.1798,21,48,95,164,116.811,143,2016
20230,Central Mutual Insurance Company,0.1837,1,0,0,1,5.443,144,2016
19402,AIG Property Casualty Company,0.1919,5,1,5,11,26.058,145,2016
29068,IDS Property Casualty Insurance Company,0.2534,3,2,4,9,11.837,146,2016
23833,21st Century Security Insurance Company,0.2665,1,2,0,3,3.752,147,2016
10072,Encompass Property and Casualty Company,0.2847,1,0,0,1,3.513,148,2016
42889,Victoria Fire & Casualty Company,0.5891,2,1,3,6,3.395,149,2016
10881,Unitrin Advantage Insurance Company,0.6664,2,1,2,5,3.001,150,2016
23760,Nationwide General Insurance Company,0.7495,1,0,0,1,1.334,151,2016
27120,Trumbull Insurance Company,0.78,1,0,1,2,1.282,152,2016
10921,CSAA Fire & Casualty Insurance Company,0.8476,7,2,4,13,8.259,153,2016
38628,Progressive Northern Insurance Company,0.877,2,2,2,6,2.28,154,2016
18058,Philadelphia Indemnity Insurance Company,1.2198,5,1,4,10,4.099,155,2016
37877,Nationwide Property and Casualty Insurance Company,1.8117,1,0,1,2,0.552,156,2016
29459,Twin City Fire Insurance Company,2.2155,3,0,0,3,1.354,157,2016
24198,Peerless Insurance Company,10.3314,2,1,1,4,0.194,158,2016
32786,Progressive Specialty Insurance Company,0,0,17,29,46,204.173,1,2015
19976,Amica Mutual Insurance Company,0,0,9,8,17,84.769,2,2015
25453,Nationwide Insurance Company of America,0,0,9,4,13,65.335,3,2015
15024,Preferred Mutual Insurance Company,0,0,3,2,5,62.505,4,2015
10052,Chubb National Insurance Company,0,0,1,2,3,46.735,5,2015
43478,Utica National Insurance Company of Texas,0,0,4,4,8,43.693,6,2015
16233,Erie Insurance Company of New York,0,0,5,2,7,35.072,7,2015
42919,Progressive Northwestern Insurance Company,0,0,0,4,4,32.511,8,2015
34460,Maidstone Insurance Company,0,0,4,11,15,30.867,9,2015
36145,Travelers Personal Security Insurance Company,0,0,1,0,1,30.397,10,2015
25712,Esurance Insurance Company,0,0,4,9,13,29.776,11,2015
29742,Integon National Insurance Company,0,0,0,5,5,26.249,12,2015
11252,Encompass Home and Auto Insurance Company,0,0,1,3,4,23.911,13,2015
30210,Esurance Property and Casualty Insurance Company,0,0,3,7,10,23.263,14,2015
13803,Farm Family Casualty Insurance Company,0,0,0,1,1,22.796,15,2015
18279,Bankers Standard Insurance Company,0,0,0,0,0,20.956,16,2015
11185,"Foremost Insurance Company Grand Rapids, Michigan",0,0,2,6,8,19.667,17,2015
36137,Travelers Commercial Insurance Company,0,0,1,2,3,18.093,18,2015
20303,Great Northern Insurance Company,0,0,0,0,0,17.419,19,2015
37915,Essentia Insurance Company,0,0,0,0,0,16.934,20,2015
12901,Merchants Preferred Insurance Company,0,0,3,0,3,16.023,21,2015
36587,21st Century National Insurance Company,0,0,1,2,3,15.572,22,2015
37478,Hartford Insurance Company of the Midwest,0,0,0,3,3,15.374,23,2015
32220,21st Century North America Insurance Company,0,0,0,2,2,14.056,24,2015
19240,Allstate Indemnity Company,0,0,5,4,9,14.044,25,2015
12873,Privilege Underwriters Reciprocal Exchange,0,0,0,0,0,14.028,26,2015
29939,Main Street America Assurance Company,0,0,0,1,1,12.493,27,2015
34789,21st Century Centennial Insurance Company,0,0,1,3,4,11.733,28,2015
40649,Economy Premier Assurance Company,0,0,1,1,2,11.331,29,2015
25623,Phoenix Insurance Company,0,0,0,0,0,11.177,30,2015
10226,Unitrin Direct Insurance Company,0,0,0,1,1,11.008,31,2015
16063,Unitrin Auto and Home Insurance Company,0,0,0,1,1,10.772,32,2015
37770,CSAA General Insurance Company,0,0,1,2,3,9.918,33,2015
21261,Electric Insurance Company,0,0,0,0,0,9.881,34,2015
10071,Encompass Insurance Company of America,0,0,1,4,5,9.421,35,2015
12831,"State National Insurance Company, Inc.",0,0,0,2,2,9.399,36,2015
12777,Chubb Indemnity Insurance Company,0,0,0,0,0,9.336,37,2015
11000,"Sentinel Insurance Company, Ltd.",0,0,1,1,2,9.141,38,2015
25976,Utica Mutual Insurance Company,0,0,2,0,2,8.919,39,2015
19062,"Automobile Insurance Company of Hartford, Connecticut",0,0,0,1,1,8.253,40,2015
23582,Harleysville Insurance Company,0,0,0,0,0,8.193,41,2015
28188,TravCo Insurance Company,0,0,0,0,0,7.647,42,2015
14788,NGM Insurance Company,0,0,0,1,1,7.589,43,2015
15130,Encompass Indemnity Company,0,0,0,1,1,7.493,44,2015
12475,Republic-Franklin Insurance Company,0,0,0,0,0,7.094,45,2015
14311,Interboro Insurance Company,0,0,3,5,8,6.635,46,2015
10677,Cincinnati Insurance Company,0,0,0,3,3,6.365,47,2015
10022,Countryway Insurance Company,0,0,0,0,0,6.259,48,2015
25682,Travelers Indemnity Company of Connecticut,0,0,1,2,3,6.217,49,2015
23469,American Modern Home Insurance Company,0,0,0,4,4,5.416,50,2015
12287,Amica Property and Casualty Insurance Company,0,0,0,0,0,5.323,51,2015
25615,Charter Oak Fire Insurance Company,0,0,1,0,1,4.405,52,2015
10723,Nationwide Assurance Company,0,0,0,1,1,4.19,53,2015
43974,21st Century Indemnity Insurance Company,0,0,2,0,2,4.109,54,2015
10644,Victoria Automobile Insurance Company,0,0,0,3,3,3.764,55,2015
10806,Farmers New Century Insurance Company,0,0,1,1,2,3.613,56,2015
22748,Pacific Employers Insurance Company,0,0,0,0,0,3.384,57,2015
23728,National General Insurance Company,0,0,0,0,0,3.106,58,2015
20796,21st Century Premier Insurance Company,0,0,0,1,1,3.019,59,2015
15210,Sterling Insurance Company,0,0,0,0,0,2.979,60,2015
27930,Integon Casualty Insurance Company,0,0,0,1,1,2.89,61,2015
42404,Liberty Insurance Corporation,0,0,2,1,3,2.843,62,2015
31534,Citizens Insurance Company of America,0,0,0,1,1,2.841,63,2015
20397,Vigilant Insurance Company,0,0,0,0,0,2.77,64,2015
21709,Truck Insurance Exchange,0,0,0,0,0,2.749,65,2015
41483,Farmington Casualty Company,0,0,1,0,1,2.643,66,2015
40754,Blue Ridge Indemnity Company,0,0,0,0,0,2.616,67,2015
22357,Hartford Accident and Indemnity Company,0,0,0,0,0,2.55,68,2015
19429,Insurance Company of the State of Pennsylvania,0,0,0,0,0,2.546,69,2015
21849,American Automobile Insurance Company,0,0,0,0,0,2.433,70,2015
21164,Dairyland Insurance Company,0,0,1,3,4,2.425,71,2015
25658,Travelers Indemnity Company,0,0,2,3,5,2.403,72,2015
19682,Hartford Fire Insurance Company,0,0,0,0,0,2.392,73,2015
41513,Foremost Signature Insurance Company,0,0,0,0,0,2.087,74,2015
21865,Associated Indemnity Corporation,0,0,0,0,0,1.945,75,2015
23647,Ironshore Indemnity Inc.,0,0,0,0,0,1.833,76,2015
19070,Standard Fire Insurance Company,0,0,0,0,0,1.805,77,2015
36170,Travelers Casualty Company of Connecticut,0,0,0,0,0,1.798,78,2015
22306,Massachusetts Bay Insurance Company,0,0,0,0,0,1.741,79,2015
23450,American Family Home Insurance Company,0,0,0,0,0,1.719,80,2015
34690,Property and Casualty Insurance Company of Hartford,0,0,0,0,0,1.618,81,2015
37648,Permanent General Assurance Corporation,0,0,0,0,0,1.584,82,2015
19615,American Reliable Insurance Company,0,0,0,0,0,1.416,83,2015
35696,Harleysville Preferred Insurance Company,0,0,0,0,0,1.407,84,2015
41491,GEICO Casualty Company,0,0,4,5,9,1.364,85,2015
24740,SAFECO Insurance Company of America,0,0,0,1,1,1.358,86,2015
39217,QBE Insurance Corporation,0,0,1,0,1,1.238,87,2015
20281,Federal Insurance Company,0,0,0,0,0,1.199,88,2015
23779,Nationwide Mutual Fire Insurance Company,0,0,0,0,0,1.048,89,2015
26093,Nationwide Affinity Insurance Company of America,0.007,1,7,31,39,142.454,90,2015
22055,GEICO Indemnity Company,0.0072,7,96,157,260,965.925,91,2015
11851,Progressive Advanced Insurance Company,0.0082,2,19,44,65,242.487,92,2015
24279,Progressive Max Insurance Company,0.009,1,11,19,31,110.812,93,2015
24260,Progressive Casualty Insurance Company,0.0092,4,26,66,96,432.722,94,2015
25968,USAA Casualty Insurance Company,0.0098,1,9,14,24,101.955,95,2015
35882,GEICO General Insurance Company,0.0109,24,209,270,503,2199.89,96,2015
22063,Government Employees Insurance Company,0.0131,8,57,66,131,611.054,97,2015
40169,Metropolitan Casualty Insurance Company,0.0141,1,0,6,7,71.166,98,2015
14834,New York Central Mutual Fire Insurance Company,0.0151,4,22,49,75,265.121,99,2015
11044,"National General Insurance Online, Inc.",0.0157,1,2,13,16,63.744,100,2015
23035,Liberty Mutual Fire Insurance Company,0.0164,5,16,35,56,304.589,101,2015
30104,Hartford Underwriters Insurance Company,0.0164,1,4,21,26,60.881,102,2015
10212,Allmerica Financial Alliance Insurance Company,0.0166,1,3,4,8,60.228,103,2015
25941,United Services Automobile Association,0.0181,2,4,12,18,110.483,104,2015
36447,LM General Insurance Company,0.0188,5,21,41,67,266.368,105,2015
29688,Allstate Fire and Casualty Insurance Company,0.0196,13,40,87,140,663.974,106,2015
27998,Travelers Home and Marine Insurance Company,0.02,4,6,8,18,200.222,107,2015
34339,Metropolitan Group Property and Casualty Insurance Company,0.0211,2,4,6,12,94.689,108,2015
29424,Hartford Casualty Insurance Company,0.0214,1,1,10,12,46.658,109,2015
25143,State Farm Fire and Casualty Company,0.0225,4,11,31,46,177.741,110,2015
38130,Travelers Personal Insurance Company,0.0257,4,7,7,18,155.487,111,2015
21687,Mid-Century Insurance Company,0.0274,1,3,8,12,36.431,112,2015
26263,Erie Insurance Company,0.0276,2,5,13,20,72.475,113,2015
12583,Adirondack Insurance Exchange,0.0278,2,6,8,16,72.034,114,2015
19232,Allstate Insurance Company,0.0308,23,91,123,237,747.431,115,2015
25178,State Farm Mutual Automobile Insurance Company,0.0314,45,46,130,221,1434.015,116,2015
17230,Allstate Property and Casualty Insurance Company,0.0325,9,27,27,63,276.824,117,2015
10914,Kemper Independence Insurance Company,0.0353,2,6,5,13,56.63,118,2015
21253,Garrison Property and Casualty Insurance Company,0.0354,2,7,11,20,56.532,119,2015
11105,A. Central Insurance Company,0.0355,1,3,3,7,28.149,120,2015
12504,Ameriprise Insurance Company,0.0367,1,5,9,15,27.276,121,2015
23787,Nationwide Mutual Insurance Company,0.0372,3,5,8,16,80.644,122,2015
18600,USAA General Indemnity Company,0.0381,3,5,15,23,78.813,123,2015
19704,American States Insurance Company,0.0392,4,6,10,20,102.038,124,2015
25275,MAPFRE Insurance Company of New York,0.0396,2,1,7,10,50.529,125,2015
33588,First Liberty Insurance Corporation,0.0565,1,4,0,5,17.7,126,2015
11908,Mercury Casualty Company,0.0567,2,10,17,29,35.293,127,2015
38288,Hartford Insurance Company of Illinois,0.0568,2,2,9,13,35.237,128,2015
25674,Travelers Property Casualty Company of America,0.057,3,3,8,14,52.669,129,2015
12130,New South Insurance Company,0.0572,2,4,8,14,34.955,130,2015
40231,Old Dominion Insurance Company,0.062,2,2,3,7,32.264,131,2015
33600,LM Insurance Corporation,0.0627,1,2,7,10,15.956,132,2015
26298,Metropolitan Property and Casualty Insurance Company,0.0683,1,0,1,2,14.642,133,2015
16322,Progressive Direct Insurance Company,0.0756,1,6,8,15,13.219,134,2015
20052,National Liability & Fire Insurance Company,0.0797,2,9,6,17,25.1,135,2015
11215,SAFECO Insurance Company of Indiana,0.0839,3,4,2,9,35.774,136,2015
25909,Unitrin Preferred Insurance Company,0.0986,1,1,0,2,10.139,137,2015
10111,American Bankers Insurance Company of Florida,0.143,1,0,1,2,6.995,138,2015
23060,Tri-State Consumer Insurance Company,0.1439,2,4,25,31,13.899,139,2015
25232,21st Century Advantage Insurance Company,0.1508,1,0,0,1,6.633,140,2015
13242,Titan Indemnity Company,0.1642,1,2,3,6,6.089,141,2015
42447,National General Assurance Company,0.1769,1,0,0,1,5.651,142,2015
10839,Country-Wide Insurance Company,0.1798,21,48,95,164,116.811,143,2015
20230,Central Mutual Insurance Company,0.1837,1,0,0,1,5.443,144,2015
19402,AIG Property Casualty Company,0.1919,5,1,5,11,26.058,145,2015
29068,IDS Property Casualty Insurance Company,0.2534,3,2,4,9,11.837,146,2015
23833,21st Century Security Insurance Company,0.2665,1,2,0,3,3.752,147,2015
10072,Encompass Property and Casualty Company,0.2847,1,0,0,1,3.513,148,2015
42889,Victoria Fire & Casualty Company,0.5891,2,1,3,6,3.395,149,2015
10881,Unitrin Advantage Insurance Company,0.6664,2,1,2,5,3.001,150,2015
23760,Nationwide General Insurance Company,0.7495,1,0,0,1,1.334,151,2015
27120,Trumbull Insurance Company,0.78,1,0,1,2,1.282,152,2015
10921,CSAA Fire & Casualty Insurance Company,0.8476,7,2,4,13,8.259,153,2015
38628,Progressive Northern Insurance Company,0.877,2,2,2,6,2.28,154,2015
18058,Philadelphia Indemnity Insurance Company,1.2198,5,1,4,10,4.099,155,2015
37877,Nationwide Property and Casualty Insurance Company,1.8117,1,0,1,2,0.552,156,2015
29459,Twin City Fire Insurance Company,2.2155,3,0,0,3,1.354,157,2015
24198,Peerless Insurance Company,10.3314,2,1,1,4,0.194,158,2015
24279,Progressive Max Insurance Company,0,0,8,21,29,70.055,1,2014
10212,Allmerica Financial Alliance Insurance Company,0,0,0,9,9,47.319,2,2014
10052,Chubb National Insurance Company,0,0,0,1,1,37.431,3,2014
36137,Travelers Commercial Insurance Company,0,0,0,5,5,27.99,4,2014
11185,"Foremost Insurance Company Grand Rapids, Michigan",0,0,2,8,10,23.589,5,2014
11252,Encompass Home and Auto Insurance Company,0,0,2,2,4,22.545,6,2014
38628,Progressive Northern Insurance Company,0,0,3,2,5,21.823,7,2014
18279,Bankers Standard Insurance Company,0,0,0,0,0,21.683,8,2014
20303,Great Northern Insurance Company,0,0,0,0,0,20.432,9,2014
11044,"National General Insurance Online, Inc.",0,0,1,3,4,17.221,10,2014
16233,Erie Insurance Company of New York,0,0,4,3,7,16.837,11,2014
29939,Main Street America Assurance Company,0,0,0,7,7,16.761,12,2014
38130,Travelers Personal Insurance Company,0,0,0,0,0,16.253,13,2014
37915,Essentia Insurance Company,0,0,0,2,2,14.573,14,2014
40649,Economy Premier Assurance Company,0,0,0,0,0,13.632,15,2014
33600,LM Insurance Corporation,0,0,1,1,2,12.655,16,2014
10071,Encompass Insurance Company of America,0,0,0,4,4,12.27,17,2014
19062,"Automobile Insurance Company of Hartford, Connecticut",0,0,0,0,0,11.961,18,2014
12777,Chubb Indemnity Insurance Company,0,0,1,0,1,11.814,19,2014
25232,21st Century Advantage Insurance Company,0,0,3,7,10,11.422,20,2014
28188,TravCo Insurance Company,0,0,0,1,1,11.362,21,2014
15130,Encompass Indemnity Company,0,0,2,1,3,10.969,22,2014
10226,Unitrin Direct Insurance Company,0,0,3,1,4,10.836,23,2014
21261,Electric Insurance Company,0,0,0,4,4,9.612,24,2014
25682,Travelers Indemnity Company of Connecticut,0,0,1,2,3,9.472,25,2014
34460,Maidstone Insurance Company,0,0,1,4,5,9.312,26,2014
34479,Maidstone Insurance Company,0,0,1,4,5,9.312,26,2014
12873,Privilege Underwriters Reciprocal Exchange,0,0,0,1,1,9.086,27,2014
27930,Integon Casualty Insurance Company,0,0,1,4,5,7.116,28,2014
42447,National General Assurance Company,0,0,1,6,7,6.793,29,2014
37834,Progressive Preferred Insurance Company,0,0,4,1,5,6.765,30,2014
10111,American Bankers Insurance Company of Florida,0,0,0,1,1,6.549,31,2014
25615,Charter Oak Fire Insurance Company,0,0,0,0,0,6.548,32,2014
37877,Nationwide Property and Casualty Insurance Company,0,0,0,0,0,6.367,33,2014
43974,21st Century Indemnity Insurance Company,0,0,2,3,5,6.339,34,2014
10022,Countryway Insurance Company,0,0,1,0,1,5.937,35,2014
20230,Central Mutual Insurance Company,0,0,0,0,0,5.807,36,2014
21849,American Automobile Insurance Company,0,0,0,0,0,5.389,37,2014
21709,Truck Insurance Exchange,0,0,0,0,0,4.976,38,2014
21687,Mid-Century Insurance Company,0,0,0,2,2,4.602,39,2014
10072,Encompass Property and Casualty Company,0,0,1,0,1,4.551,40,2014
20796,21st Century Premier Insurance Company,0,0,0,4,4,4.262,41,2014
21865,Associated Indemnity Corporation,0,0,0,0,0,3.935,42,2014
10723,Nationwide Assurance Company,0,0,0,1,1,3.896,43,2014
36145,Travelers Personal Security Insurance Company,0,0,0,0,0,3.88,44,2014
10881,Unitrin Advantage Insurance Company,0,0,2,4,6,3.835,45,2014
20397,Vigilant Insurance Company,0,0,0,0,0,3.481,46,2014
42889,Victoria Fire & Casualty Company,0,0,1,4,5,3.265,47,2014
23728,National General Insurance Company,0,0,1,0,1,3.092,48,2014
40754,Blue Ridge Indemnity Company,0,0,0,1,1,2.974,49,2014
22306,Massachusetts Bay Insurance Company,0,0,1,2,3,2.91,50,2014
15210,Sterling Insurance Company,0,0,0,0,0,2.757,51,2014
29742,Integon National Insurance Company,0,0,0,2,2,2.741,52,2014
19070,Standard Fire Insurance Company,0,0,0,1,1,2.731,53,2014
10677,Cincinnati Insurance Company,0,0,0,1,1,2.637,54,2014
36170,Travelers Casualty Company of Connecticut,0,0,0,0,0,2.589,55,2014
21164,Dairyland Insurance Company,0,0,1,0,1,2.386,56,2014
41513,Foremost Signature Insurance Company,0,0,1,2,3,2.35,57,2014
27120,Trumbull Insurance Company,0,0,1,1,2,2.327,58,2014
23450,American Family Home Insurance Company,0,0,0,1,1,2.137,59,2014
37770,CSAA General Insurance Company,0,0,0,0,0,2.116,60,2014
34690,Property and Casualty Insurance Company of Hartford,0,0,1,0,1,1.94,61,2014
35696,Harleysville Preferred Insurance Company,0,0,1,1,2,1.876,62,2014
21881,National Surety Corporation,0,0,0,0,0,1.821,63,2014
10674,Harleysville Insurance Company of New York,0,0,0,0,0,1.548,64,2014
41491,GEICO Casualty Company,0,0,24,47,71,1.456,65,2014
20281,Federal Insurance Company,0,0,0,0,0,1.436,66,2014
19615,American Reliable Insurance Company,0,0,1,1,2,1.413,67,2014
20133,Response Worldwide Direct Auto Insurance Company,0,0,0,0,0,1.333,68,2014
21873,Fireman's Fund Insurance Company,0,0,0,1,1,1.166,69,2014
22225,21st Century Preferred Insurance Company,0,0,1,0,1,1.095,70,2014
23582,Harleysville Insurance Company,0,0,0,0,0,1.067,71,2014
14834,New York Central Mutual Fire Insurance Company,0.0039,1,34,62,97,256.985,72,2014
22063,Government Employees Insurance Company,0.0108,6,60,60,126,554.002,73,2014
23787,Nationwide Mutual Insurance Company,0.011,1,6,16,23,90.605,74,2014
22055,GEICO Indemnity Company,0.012,10,110,166,286,830.018,75,2014
29424,Hartford Casualty Insurance Company,0.0159,1,6,12,19,62.792,76,2014
15024,Preferred Mutual Insurance Company,0.016,1,15,9,25,62.514,77,2014
40169,Metropolitan Casualty Insurance Company,0.0213,2,7,15,24,94.098,78,2014
32786,Progressive Specialty Insurance Company,0.0226,4,21,28,53,176.699,79,2014
35882,GEICO General Insurance Company,0.0228,43,255,333,631,1882.586,80,2014
29688,Allstate Fire and Casualty Insurance Company,0.0231,8,8,30,46,346.324,81,2014
27998,Travelers Home and Marine Insurance Company,0.0235,7,20,33,60,297.877,82,2014
25674,Travelers Property Casualty Company of America,0.0252,2,4,6,12,79.26,83,2014
36447,LM General Insurance Company,0.027,4,11,16,31,148.098,84,2014
43478,Utica National Insurance Company of Texas,0.0272,1,3,3,7,36.742,85,2014
40231,Old Dominion Insurance Company,0.0292,1,3,5,9,34.237,86,2014
42919,Progressive Northwestern Insurance Company,0.0298,1,3,5,9,33.519,87,2014
24260,Progressive Casualty Insurance Company,0.03,10,39,84,133,333.292,88,2014
10914,Kemper Independence Insurance Company,0.0325,2,5,15,22,61.508,89,2014
11851,Progressive Advanced Insurance Company,0.0385,6,10,32,48,155.799,90,2014
20052,National Liability & Fire Insurance Company,0.039,2,22,25,49,51.301,91,2014
12901,Merchants Preferred Insurance Company,0.04,1,6,5,12,25.009,92,2014
26263,Erie Insurance Company,0.0405,3,4,13,20,74.103,93,2014
25178,State Farm Mutual Automobile Insurance Company,0.0427,54,87,187,328,1264.263,94,2014
34339,Metropolitan Group Property and Casualty Insurance Company,0.0439,4,5,14,23,91.135,95,2014
25453,Nationwide Insurance Company of America,0.0447,4,0,6,10,89.573,96,2014
36587,21st Century National Insurance Company,0.046,1,6,8,15,21.737,97,2014
26093,Nationwide Affinity Insurance Company of America,0.0478,5,7,34,46,104.556,98,2014
34789,21st Century Centennial Insurance Company,0.0505,1,1,5,7,19.795,99,2014
12583,Adirondack Insurance Exchange,0.0514,4,4,12,20,77.762,100,2014
25143,State Farm Fire and Casualty Company,0.0561,9,8,36,53,160.309,101,2014
30104,Hartford Underwriters Insurance Company,0.0573,3,4,18,25,52.341,102,2014
25623,Phoenix Insurance Company,0.0591,1,0,1,2,16.92,103,2014
11000,"Sentinel Insurance Company, Ltd.",0.0598,1,3,3,7,16.73,104,2014
25275,MAPFRE Insurance Company of New York,0.0632,3,6,10,19,47.442,105,2014
16063,Unitrin Auto and Home Insurance Company,0.064,1,1,0,2,15.633,106,2014
38288,Hartford Insurance Company of Illinois,0.0644,3,8,8,19,46.602,107,2014
30210,Esurance Property and Casualty Insurance Company,0.0655,1,1,7,9,15.276,108,2014
23035,Liberty Mutual Fire Insurance Company,0.0664,27,54,77,158,406.889,109,2014
12130,New South Insurance Company,0.07,6,9,24,39,85.706,110,2014
29068,IDS Property Casualty Insurance Company,0.0712,1,6,9,16,14.038,111,2014
17230,Allstate Property and Casualty Insurance Company,0.073,30,27,70,127,410.957,112,2014
19704,American States Insurance Company,0.0737,6,8,9,23,81.406,113,2014
19976,Amica Mutual Insurance Company,0.0747,7,2,16,25,93.744,114,2014
25968,USAA Casualty Insurance Company,0.0765,7,13,17,37,91.532,115,2014
19232,Allstate Insurance Company,0.0878,76,136,251,463,865.759,116,2014
13803,Farm Family Casualty Insurance Company,0.0879,2,4,6,12,22.765,117,2014
37478,Hartford Insurance Company of the Midwest,0.0989,2,1,4,7,20.219,118,2014
23833,21st Century Security Insurance Company,0.1057,1,4,8,13,9.458,119,2014
12504,Ameriprise Insurance Company,0.1061,3,5,19,27,28.288,120,2014
18600,USAA General Indemnity Company,0.1069,6,14,16,36,56.145,121,2014
21253,Garrison Property and Casualty Insurance Company,0.1105,5,6,14,25,45.23,122,2014
14788,NGM Insurance Company,0.1119,1,1,2,4,8.939,123,2014
12475,Republic-Franklin Insurance Company,0.1183,1,0,0,1,8.452,124,2014
33588,First Liberty Insurance Corporation,0.1261,3,3,7,13,23.795,125,2014
11105,A. Central Insurance Company,0.131,4,14,20,38,30.523,126,2014
25941,United Services Automobile Association,0.1316,14,13,13,40,106.382,127,2014
23060,Tri-State Consumer Insurance Company,0.1354,2,5,27,34,14.774,128,2014
11215,SAFECO Insurance Company of Indiana,0.1358,6,1,12,19,44.18,129,2014
34460,Maidstone Insurance Company,0.1376,1,7,13,21,7.265,130,2014
26298,Metropolitan Property and Casualty Insurance Company,0.1385,1,1,1,3,7.22,131,2014
14311,Interboro Insurance Company,0.1389,1,1,8,10,7.198,132,2014
25712,Esurance Insurance Company,0.1463,5,4,14,23,34.184,133,2014
25909,Unitrin Preferred Insurance Company,0.1479,2,0,1,3,13.524,134,2014
11908,Mercury Casualty Company,0.1542,7,24,16,47,45.394,135,2014
32220,21st Century North America Insurance Company,0.1558,3,6,6,15,19.253,136,2014
25976,Utica Mutual Insurance Company,0.1566,1,0,1,2,6.388,137,2014
23469,American Modern Home Insurance Company,0.16,1,0,5,6,6.25,138,2014
13242,Titan Indemnity Company,0.1639,1,0,2,3,6.1,139,2014
19402,AIG Property Casualty Company,0.1711,4,0,3,7,23.385,140,2014
10644,Victoria Automobile Insurance Company,0.1867,1,2,1,4,5.357,141,2014
41483,Farmington Casualty Company,0.1879,2,0,8,10,10.644,142,2014
16322,Progressive Direct Insurance Company,0.2062,4,9,20,33,19.399,143,2014
31534,Citizens Insurance Company of America,0.2235,1,0,1,2,4.474,144,2014
10806,Farmers New Century Insurance Company,0.3762,2,1,4,7,5.316,145,2014
10921,CSAA Fire & Casualty Insurance Company,0.3798,5,0,7,12,13.164,146,2014
42404,Liberty Insurance Corporation,0.3809,2,4,0,6,5.25,147,2014
23779,Nationwide Mutual Fire Insurance Company,0.4649,1,2,1,4,2.151,148,2014
10839,Country-Wide Insurance Company,0.5109,59,88,180,327,115.482,149,2014
10645,Drivers Insurance Company,0.5136,1,1,3,5,1.947,150,2014
23647,Ironshore Indemnity Inc.,0.5315,1,1,0,2,1.882,151,2014
39217,QBE Insurance Corporation,0.5364,3,9,19,31,5.592,152,2014
23760,Nationwide General Insurance Company,0.5906,4,3,1,8,6.773,153,2014
19240,Allstate Indemnity Company,0.6104,4,2,4,10,6.553,154,2014
26085,Warner Insurance Company,0.6671,1,1,2,4,1.499,155,2014
36161,Travelers Property Casualty Insurance Company,0.7006,1,2,7,10,1.427,156,2014
25666,Travelers Indemnity Company of America,0.7548,1,2,1,4,1.325,157,2014
19682,Hartford Fire Insurance Company,0.8711,3,0,2,5,3.444,158,2014
24198,Peerless Insurance Company,0.9597,5,3,4,12,5.21,159,2014
25658,Travelers Indemnity Company,1.1243,6,3,6,15,5.337,160,2014
22357,Hartford Accident and Indemnity Company,1.291,5,1,3,9,3.873,161,2014
18058,Philadelphia Indemnity Insurance Company,1.5302,5,0,3,8,3.268,162,2014
24740,SAFECO Insurance Company of America,2.1516,4,0,8,12,1.859,163,2014
11738,Infinity Auto Insurance Company,2.6164,1,0,2,3,0.382,164,2014
12360,Ocean Harbor Casualty Insurance Company,3.3345,3,1,4,8,0.9,165,2014
37648,Permanent General Assurance Corporation,3.3384,5,3,2,10,1.498,166,2014
23329,Merchants Mutual Insurance Company,8.6214,2,2,2,6,0.232,167,2014
29459,Twin City Fire Insurance Company,19.1109,23,0,0,23,1.204,168,2014
23841,New Hampshire Insurance Company,1364.8772,6,1,3,10,0.004,169,2014
36447,LM General Insurance Company,0,0,6,3,9,73.566,1,2013
26263,Erie Insurance Company,0,0,0,6,6,73.112,2,2013
11105,A. Central Insurance Company,0,0,9,14,23,42.694,3,2013
40231,Old Dominion Insurance Company,0,0,1,4,5,35.315,4,2013
43478,Utica National Insurance Company of Texas,0,0,2,3,5,32.385,5,2013
10052,Chubb National Insurance Company,0,0,0,0,0,31.337,6,2013
36137,Travelers Commercial Insurance Company,0,0,2,2,4,28.653,7,2013
13803,Farm Family Casualty Insurance Company,0,0,2,5,7,23.612,8,2013
11000,"Sentinel Insurance Company, Ltd.",0,0,2,2,4,23.212,9,2013
37834,Progressive Preferred Insurance Company,0,0,1,5,6,22.63,10,2013
20303,Great Northern Insurance Company,0,0,1,1,2,22.286,11,2013
18279,Bankers Standard Insurance Company,0,0,0,1,1,21.239,12,2013
36587,21st Century National Insurance Company,0,0,1,5,6,19.739,13,2013
29939,Main Street America Assurance Company,0,0,2,0,2,19.539,14,2013
25623,Phoenix Insurance Company,0,0,0,3,3,19.53,15,2013
11252,Encompass Home and Auto Insurance Company,0,0,1,0,1,19.379,16,2013
25232,21st Century Advantage Insurance Company,0,0,0,5,5,15.364,17,2013
40649,Economy Premier Assurance Company,0,0,0,0,0,14.788,18,2013
37915,Essentia Insurance Company,0,0,0,0,0,14.006,19,2013
10071,Encompass Insurance Company of America,0,0,4,4,8,13.661,20,2013
19062,"Automobile Insurance Company of Hartford, Connecticut",0,0,0,0,0,13.638,21,2013
12777,Chubb Indemnity Insurance Company,0,0,1,2,3,13.339,22,2013
28188,TravCo Insurance Company,0,0,0,0,0,13.107,23,2013
23833,21st Century Security Insurance Company,0,0,2,3,5,11.952,24,2013
25682,Travelers Indemnity Company of Connecticut,0,0,0,1,1,10.923,25,2013
21261,Electric Insurance Company,0,0,0,1,1,9.574,26,2013
12475,Republic-Franklin Insurance Company,0,0,0,0,0,9.026,27,2013
43974,21st Century Indemnity Insurance Company,0,0,4,2,6,7.936,28,2013
42404,Liberty Insurance Corporation,0,0,0,1,1,7.749,29,2013
33600,LM Insurance Corporation,0,0,0,1,1,7.723,30,2013
25615,Charter Oak Fire Insurance Company,0,0,0,0,0,7.517,31,2013
42447,National General Assurance Company,0,0,1,0,1,7.447,32,2013
37877,Nationwide Property and Casualty Insurance Company,0,0,1,0,1,7.21,33,2013
12873,Privilege Underwriters Reciprocal Exchange,0,0,0,0,0,7.122,34,2013
21709,Truck Insurance Exchange,0,0,1,1,2,7.063,35,2013
30210,Esurance Property and Casualty Insurance Company,0,0,1,4,5,7.003,36,2013
10806,Farmers New Century Insurance Company,0,0,1,2,3,6.964,37,2013
23469,American Modern Home Insurance Company,0,0,1,1,2,6.213,38,2013
34479,Maidstone Insurance Company,0,0,0,2,2,5.958,39,2013
10111,American Bankers Insurance Company of Florida,0,0,0,3,3,5.871,40,2013
16233,Erie Insurance Company of New York,0,0,2,2,4,5.745,41,2013
20230,Central Mutual Insurance Company,0,0,0,0,0,5.671,42,2013
31534,Citizens Insurance Company of America,0,0,1,1,2,5.589,43,2013
14311,Interboro Insurance Company,0,0,1,8,9,5.325,44,2013
13242,Titan Indemnity Company,0,0,0,4,4,5.276,45,2013
10022,Countryway Insurance Company,0,0,0,1,1,5.13,46,2013
21849,American Automobile Insurance Company,0,0,0,0,0,5.103,47,2013
10072,Encompass Property and Casualty Company,0,0,0,0,0,4.958,48,2013
10881,Unitrin Advantage Insurance Company,0,0,1,1,2,4.822,49,2013
10226,Unitrin Direct Insurance Company,0,0,0,0,0,4.688,50,2013
26298,Metropolitan Property and Casualty Insurance Company,0,0,0,2,2,4.502,51,2013
21865,Associated Indemnity Corporation,0,0,0,0,0,4.171,52,2013
27930,Integon Casualty Insurance Company,0,0,0,0,0,4.1,53,2013
20397,Vigilant Insurance Company,0,0,0,1,1,3.849,54,2013
20133,Response Worldwide Direct Auto Insurance Company,0,0,1,0,1,3.769,55,2013
22306,Massachusetts Bay Insurance Company,0,0,0,1,1,3.746,56,2013
10644,Victoria Automobile Insurance Company,0,0,0,0,0,3.452,57,2013
10645,Drivers Insurance Company,0,0,0,4,4,3.286,58,2013
23779,Nationwide Mutual Fire Insurance Company,0,0,0,7,7,3.264,59,2013
10723,Nationwide Assurance Company,0,0,0,1,1,3.243,60,2013
40754,Blue Ridge Indemnity Company,0,0,0,0,0,3.21,61,2013
19070,Standard Fire Insurance Company,0,0,0,0,0,3.163,62,2013
36170,Travelers Casualty Company of Connecticut,0,0,0,1,1,2.949,63,2013
18058,Philadelphia Indemnity Insurance Company,0,0,1,1,2,2.888,64,2013
41513,Foremost Signature Insurance Company,0,0,0,1,1,2.744,65,2013
26050,Response Worldwide Insurance Company,0,0,2,0,2,2.736,66,2013
15210,Sterling Insurance Company,0,0,0,0,0,2.629,67,2013
43044,Response Insurance Company,0,0,0,0,0,2.545,68,2013
21164,Dairyland Insurance Company,0,0,2,1,3,2.32,69,2013
34690,Property and Casualty Insurance Company of Hartford,0,0,0,1,1,2.161,70,2013
39004,Kemper Financial Indemnity Company,0,0,1,1,2,2.008,71,2013
10674,Harleysville Insurance Company of New York,0,0,0,0,0,1.944,72,2013
23647,Ironshore Indemnity Inc.,0,0,0,0,0,1.785,73,2013
21881,National Surety Corporation,0,0,0,0,0,1.705,74,2013
35696,Harleysville Preferred Insurance Company,0,0,0,0,0,1.628,75,2013
20281,Federal Insurance Company,0,0,0,0,0,1.572,76,2013
19615,American Reliable Insurance Company,0,0,0,0,0,1.556,77,2013
42889,Victoria Fire & Casualty Company,0,0,0,1,1,1.556,78,2013
25666,Travelers Indemnity Company of America,0,0,0,0,0,1.499,79,2013
12360,Ocean Harbor Casualty Insurance Company,0,0,1,6,7,1.376,80,2013
21873,Fireman's Fund Insurance Company,0,0,0,1,1,1.252,81,2013
37257,Praetorian Insurance Company,0,0,0,0,0,1.232,82,2013
31488,Integon Preferred Insurance Company,0,0,0,0,0,1.192,83,2013
20346,Pacific Indemnity Company,0,0,0,0,0,1.058,84,2013
14834,New York Central Mutual Fire Insurance Company,0.004,1,16,49,66,250.746,85,2013
22055,GEICO Indemnity Company,0.0052,4,71,110,185,770.835,86,2013
12130,New South Insurance Company,0.0087,1,7,18,26,115.334,87,2013
35882,GEICO General Insurance Company,0.0103,18,204,269,491,1751.86,88,2013
25674,Travelers Property Casualty Company of America,0.0108,1,5,9,15,92.429,89,2013
22063,Government Employees Insurance Company,0.0129,7,41,62,110,542.812,90,2013
10914,Kemper Independence Insurance Company,0.0152,1,5,9,15,65.827,91,2013
38628,Progressive Northern Insurance Company,0.0156,1,4,11,16,64.284,92,2013
29688,Allstate Fire and Casualty Insurance Company,0.0162,3,2,4,9,184.9,93,2013
11851,Progressive Advanced Insurance Company,0.0178,2,2,14,18,112.326,94,2013
40169,Metropolitan Casualty Insurance Company,0.0184,2,7,8,17,108.901,95,2013
32786,Progressive Specialty Insurance Company,0.0193,3,8,14,25,155.588,96,2013
27998,Travelers Home and Marine Insurance Company,0.0195,6,11,19,36,308.396,97,2013
23787,Nationwide Mutual Insurance Company,0.0209,2,3,14,19,95.876,98,2013
10212,Allmerica Financial Alliance Insurance Company,0.022,1,3,3,7,45.4,99,2013
25178,State Farm Mutual Automobile Insurance Company,0.025,30,64,99,193,1200.401,100,2013
12583,Adirondack Insurance Exchange,0.0262,2,8,10,20,76.406,101,2013
42919,Progressive Northwestern Insurance Company,0.0266,1,1,6,8,37.656,102,2013
17230,Allstate Property and Casualty Insurance Company,0.0292,15,26,47,88,514.199,103,2013
25712,Esurance Insurance Company,0.0296,1,5,16,22,33.741,104,2013
19976,Amica Mutual Insurance Company,0.031,3,7,7,17,96.903,105,2013
25453,Nationwide Insurance Company of America,0.0311,3,4,6,13,96.593,106,2013
29424,Hartford Casualty Insurance Company,0.0321,2,1,7,10,62.286,107,2013
34339,Metropolitan Group Property and Casualty Insurance Company,0.0341,3,2,11,16,87.984,108,2013
25143,State Farm Fire and Casualty Company,0.0381,6,3,22,31,157.666,109,2013
23035,Liberty Mutual Fire Insurance Company,0.0388,18,52,75,145,464.434,110,2013
12504,Ameriprise Insurance Company,0.0405,1,5,16,22,24.67,111,2013
30104,Hartford Underwriters Insurance Company,0.042,2,2,12,16,47.58,112,2013
37478,Hartford Insurance Company of the Midwest,0.0435,1,0,5,6,22.968,113,2013
15024,Preferred Mutual Insurance Company,0.0485,3,22,12,37,61.879,114,2013
24260,Progressive Casualty Insurance Company,0.0509,12,12,35,59,235.566,115,2013
26093,Nationwide Affinity Insurance Company of America,0.0513,4,4,11,19,77.961,116,2013
38288,Hartford Insurance Company of Illinois,0.057,3,8,9,20,52.65,117,2013
25909,Unitrin Preferred Insurance Company,0.0649,1,1,2,4,15.406,118,2013
12901,Merchants Preferred Insurance Company,0.0707,2,3,6,11,28.298,119,2013
25968,USAA Casualty Insurance Company,0.071,6,5,9,20,84.558,120,2013
24279,Progressive Max Insurance Company,0.072,4,2,6,12,55.575,121,2013
20052,National Liability & Fire Insurance Company,0.0726,3,12,19,34,41.348,122,2013
33588,First Liberty Insurance Corporation,0.073,2,5,4,11,27.395,123,2013
34460,AutoOne Insurance Company,0.076,1,1,9,11,13.164,124,2013
15130,Encompass Indemnity Company,0.0787,1,1,0,2,12.708,125,2013
19232,Allstate Insurance Company,0.0788,75,100,188,363,952.202,126,2013
23760,Nationwide General Insurance Company,0.0798,1,2,15,18,12.525,127,2013
11185,"Foremost Insurance Company Grand Rapids, Michigan",0.0817,2,5,4,11,24.494,128,2013
41483,Farmington Casualty Company,0.0853,2,1,7,10,23.443,129,2013
11215,SAFECO Insurance Company of Indiana,0.0863,2,0,0,2,23.188,130,2013
32220,21st Century North America Insurance Company,0.0915,2,3,5,10,21.87,131,2013
19402,AIG Property Casualty Company,0.0918,2,0,0,2,21.795,132,2013
14788,NGM Insurance Company,0.0952,1,2,1,4,10.502,133,2013
11908,Mercury Casualty Company,0.1001,4,4,14,22,39.942,134,2013
16322,Progressive Direct Insurance Company,0.1071,4,3,21,28,37.353,135,2013
16063,Unitrin Auto and Home Insurance Company,0.1086,2,0,3,5,18.41,136,2013
25941,United Services Automobile Association,0.11,11,12,5,28,100.038,137,2013
25275,MAPFRE Insurance Company of New York,0.1198,5,2,6,13,41.72,138,2013
29068,IDS Property Casualty Insurance Company,0.1298,2,3,5,10,15.403,139,2013
23060,Tri-State Consumer Insurance Company,0.131,2,7,33,42,15.262,140,2013
21253,Garrison Property and Casualty Insurance Company,0.132,5,1,5,11,37.884,141,2013
34789,21st Century Centennial Insurance Company,0.1479,2,3,5,10,13.526,142,2013
19704,American States Insurance Company,0.1512,10,4,10,24,66.122,143,2013
25976,Utica Mutual Insurance Company,0.1646,1,1,6,8,6.077,144,2013
19240,Allstate Indemnity Company,0.1802,1,1,3,5,5.551,145,2013
18600,USAA General Indemnity Company,0.1973,8,3,11,22,40.545,146,2013
20796,21st Century Premier Insurance Company,0.2008,1,1,0,2,4.979,147,2013
22357,Hartford Accident and Indemnity Company,0.2144,1,2,1,4,4.664,148,2013
25658,Travelers Indemnity Company,0.2159,1,1,3,5,4.632,149,2013
26085,Warner Insurance Company,0.2166,1,0,0,1,4.618,150,2013
10921,CSAA Fire & Casualty Insurance Company,0.2239,3,1,6,10,13.401,151,2013
24198,Peerless Insurance Company,0.2399,9,9,10,28,37.51,152,2013
11037,Eveready Insurance Company,0.2689,4,5,13,22,14.873,153,2013
23728,National General Insurance Company,0.2752,1,1,0,2,3.633,154,2013
29742,Integon National Insurance Company,0.3591,1,0,1,2,2.785,155,2013
23450,American Family Home Insurance Company,0.4048,1,0,0,1,2.471,156,2013
27120,Trumbull Insurance Company,0.5618,2,0,3,5,3.56,157,2013
41491,GEICO Casualty Company,0.6087,1,10,30,41,1.643,158,2013
22225,21st Century Preferred Insurance Company,0.7819,1,0,0,1,1.279,159,2013
10839,Country-Wide Insurance Company,0.8251,99,61,218,378,119.982,160,2013
10677,Cincinnati Insurance Company,0.8773,1,0,0,1,1.14,161,2013
24740,SAFECO Insurance Company of America,0.92,2,2,5,9,2.174,162,2013
39217,QBE Insurance Corporation,0.9724,8,6,19,33,8.227,163,2013
22268,Infinity Insurance Company,1.1638,1,1,2,4,0.859,164,2013
19941,American Commerce Insurance Company,1.4833,5,6,10,21,3.371,165,2013
19682,Hartford Fire Insurance Company,1.7431,7,0,2,9,4.016,166,2013
36161,Travelers Property Casualty Insurance Company,1.8677,3,1,3,7,1.606,167,2013
22292,Hanover Insurance Company,3.0327,3,0,3,6,0.989,168,2013
23329,Merchants Mutual Insurance Company,4.1066,1,2,3,6,0.244,169,2013
37648,Permanent General Assurance Corporation,5.2193,20,1,10,31,3.832,170,2013
29459,Twin City Fire Insurance Company,10.155,16,0,0,16,1.576,171,2013
11851,Progressive Advanced Insurance Company,0,0,12,17,29,88.401,1,2012
26263,Erie Insurance Company,0,0,6,8,14,70.219,2,2012
10212,Allmerica Financial Alliance Insurance Company,0,0,2,5,7,44.371,3,2012
42919,Progressive Northwestern Insurance Company,0,0,2,6,8,41.146,4,2012
40231,Old Dominion Insurance Company,0,0,1,2,3,32.641,5,2012
11000,"Sentinel Insurance Company, Ltd.",0,0,2,3,5,32.365,6,2012
12901,Merchants Preferred Insurance Company,0,0,5,5,10,28.718,7,2012
33588,First Liberty Insurance Corporation,0,0,2,3,5,28.009,8,2012
36137,Travelers Commercial Insurance Company,0,0,3,2,5,26.112,9,2012
20303,Great Northern Insurance Company,0,0,0,0,0,24.841,10,2012
32220,21st Century North America Insurance Company,0,0,2,2,4,24.52,11,2012
10052,Chubb National Insurance Company,0,0,0,1,1,24.117,12,2012
29939,Main Street America Assurance Company,0,0,3,3,6,22.941,13,2012
41483,Farmington Casualty Company,0,0,3,3,6,21.781,14,2012
16063,Unitrin Auto and Home Insurance Company,0,0,3,4,7,21.203,15,2012
18279,Bankers Standard Insurance Company,0,0,1,1,2,20.538,16,2012
12504,Ameriprise Insurance Company,0,0,1,7,8,18.518,17,2012
36447,LM General Insurance Company,0,0,0,0,0,17.806,18,2012
25909,Unitrin Preferred Insurance Company,0,0,0,3,3,17.489,19,2012
29068,IDS Property Casualty Insurance Company,0,0,1,2,3,16.848,20,2012
40649,Economy Premier Assurance Company,0,0,0,1,1,16.038,21,2012
10071,Encompass Insurance Company of America,0,0,4,0,4,15.994,22,2012
19062,"Automobile Insurance Company of Hartford, Connecticut",0,0,0,2,2,15.794,23,2012
28188,TravCo Insurance Company,0,0,0,1,1,15.235,24,2012
12777,Chubb Indemnity Insurance Company,0,0,1,2,3,15.102,25,2012
37915,Essentia Insurance Company,0,0,0,2,2,13.289,26,2012
10921,CSAA Fire & Casualty Insurance Company,0,0,5,0,5,12.762,27,2012
25682,Travelers Indemnity Company of Connecticut,0,0,0,3,3,12.626,28,2012
43974,21st Century Indemnity Insurance Company,0,0,1,1,2,10.009,29,2012
12475,Republic-Franklin Insurance Company,0,0,2,1,3,9.363,30,2012
19410,Commerce and Industry Insurance Company,0,0,2,2,4,9.298,31,2012
10806,Farmers New Century Insurance Company,0,0,2,1,3,9.106,32,2012
36587,21st Century National Insurance Company,0,0,0,2,2,8.897,33,2012
25615,Charter Oak Fire Insurance Company,0,0,1,2,3,8.715,34,2012
26085,Warner Insurance Company,0,0,1,0,1,7.154,35,2012
37877,Nationwide Property and Casualty Insurance Company,0,0,0,1,1,7.106,36,2012
23833,21st Century Security Insurance Company,0,0,0,2,2,7.047,37,2012
31534,Citizens Insurance Company of America,0,0,0,1,1,6.869,38,2012
23469,American Modern Home Insurance Company,0,0,0,2,2,6.501,39,2012
25976,Utica Mutual Insurance Company,0,0,1,2,3,6.118,40,2012
12873,Privilege Underwriters Reciprocal Exchange,0,0,0,0,0,5.698,41,2012
10072,Encompass Property and Casualty Company,0,0,1,2,3,5.599,42,2012
20230,Central Mutual Insurance Company,0,0,0,0,0,5.446,43,2012
23779,Nationwide Mutual Fire Insurance Company,0,0,4,4,8,5.383,44,2012
20133,Response Worldwide Direct Auto Insurance Company,0,0,0,2,2,5.197,45,2012
19682,Hartford Fire Insurance Company,0,0,0,5,5,4.687,46,2012
22306,Massachusetts Bay Insurance Company,0,0,1,1,2,4.671,47,2012
21849,American Automobile Insurance Company,0,0,0,1,1,4.607,48,2012
41513,Foremost Signature Insurance Company,0,0,1,1,2,4.557,49,2012
21865,Associated Indemnity Corporation,0,0,0,0,0,4.507,50,2012
26050,Response Worldwide Insurance Company,0,0,0,0,0,4.311,51,2012
20397,Vigilant Insurance Company,0,0,0,0,0,4.307,52,2012
23728,National General Insurance Company,0,0,0,0,0,4.247,53,2012
13242,Titan Indemnity Company,0,0,0,3,3,4.141,54,2012
19070,Standard Fire Insurance Company,0,0,0,0,0,3.729,55,2012
40754,Blue Ridge Indemnity Company,0,0,0,0,0,3.504,56,2012
36170,Travelers Casualty Company of Connecticut,0,0,0,1,1,3.386,57,2012
27120,Trumbull Insurance Company,0,0,0,1,1,3.33,58,2012
10645,Drivers Insurance Company,0,0,0,0,0,3.165,59,2012
10226,Unitrin Direct Insurance Company,0,0,1,3,4,3.098,60,2012
26298,Metropolitan Property and Casualty Insurance Company,0,0,0,0,0,3.084,61,2012
39004,Kemper Financial Indemnity Company,0,0,0,0,0,3.043,62,2012
23450,American Family Home Insurance Company,0,0,0,0,0,2.845,63,2012
18058,Philadelphia Indemnity Insurance Company,0,0,1,2,3,2.705,64,2012
15210,Sterling Insurance Company,0,0,0,0,0,2.441,65,2012
34690,Property and Casualty Insurance Company of Hartford,0,0,1,2,3,2.367,66,2012
34479,Maidstone Insurance Company,0,0,0,0,0,2.336,67,2012
10674,Harleysville Insurance Company of New York,0,0,0,0,0,2.332,68,2012
33600,LM Insurance Corporation,0,0,1,0,1,2.253,69,2012
10723,Nationwide Assurance Company,0,0,0,1,1,2.144,70,2012
36161,Travelers Property Casualty Insurance Company,0,0,3,5,8,1.87,71,2012
21881,National Surety Corporation,0,0,1,0,1,1.706,72,2012
20281,Federal Insurance Company,0,0,1,2,3,1.701,73,2012
30210,Esurance Property and Casualty Insurance Company,0,0,0,2,2,1.679,74,2012
31488,Integon Preferred Insurance Company,0,0,0,0,0,1.47,75,2012
41491,GEICO Casualty Company,0,0,8,13,21,1.433,76,2012
22225,21st Century Preferred Insurance Company,0,0,0,1,1,1.424,77,2012
21873,Fireman's Fund Insurance Company,0,0,0,0,0,1.412,78,2012
19615,American Reliable Insurance Company,0,0,0,1,1,1.3,79,2012
10644,Victoria Automobile Insurance Company,0,0,0,0,0,1.197,80,2012
20346,Pacific Indemnity Company,0,0,0,0,0,1.124,81,2012
10915,Unitrin Direct Property & Casualty Company,0,0,2,1,3,1.098,82,2012
35696,Harleysville Preferred Insurance Company,0,0,0,0,0,1.053,83,2012
35882,GEICO General Insurance Company,0.0076,12,184,258,454,1570.816,84,2012
12130,New South Insurance Company,0.0083,1,8,25,34,120.453,85,2012
22063,Government Employees Insurance Company,0.0095,5,50,63,118,526.816,86,2012
25453,Nationwide Insurance Company of America,0.0101,1,4,18,23,99.462,87,2012
38628,Progressive Northern Insurance Company,0.0101,1,5,11,17,99.134,88,2012
19976,Amica Mutual Insurance Company,0.0106,1,2,6,9,94.202,89,2012
22055,GEICO Indemnity Company,0.0114,8,83,126,217,702.861,90,2012
14834,New York Central Mutual Fire Insurance Company,0.0124,3,17,39,59,241.169,91,2012
25968,USAA Casualty Insurance Company,0.013,1,11,22,34,77.033,92,2012
24260,Progressive Casualty Insurance Company,0.0131,2,9,42,53,152.186,93,2012
32786,Progressive Specialty Insurance Company,0.016,2,4,20,26,125.251,94,2012
10914,Kemper Independence Insurance Company,0.016,1,3,9,13,62.623,95,2012
40169,Metropolitan Casualty Insurance Company,0.0163,2,8,8,18,122.95,96,2012
16322,Progressive Direct Insurance Company,0.0184,1,12,17,30,54.252,97,2012
29688,Allstate Fire and Casualty Insurance Company,0.0194,1,1,6,8,51.549,98,2012
23787,Nationwide Mutual Insurance Company,0.0195,2,4,8,14,102.424,99,2012
24279,Progressive Max Insurance Company,0.0213,1,2,6,9,46.989,100,2012
26093,Nationwide Affinity Insurance Company of America,0.0235,1,6,7,14,42.548,101,2012
25178,State Farm Mutual Automobile Insurance Company,0.0244,28,92,133,253,1149.201,102,2012
37834,Progressive Preferred Insurance Company,0.0264,1,2,6,9,37.863,103,2012
25674,Travelers Property Casualty Company of America,0.0273,3,5,14,22,109.778,104,2012
12583,Adirondack Insurance Exchange,0.0274,2,7,8,17,73.04,105,2012
23035,Liberty Mutual Fire Insurance Company,0.0281,14,50,64,128,498.127,106,2012
11908,Mercury Casualty Company,0.0283,1,5,18,24,35.348,107,2012
27998,Travelers Home and Marine Insurance Company,0.0311,9,13,24,46,289.359,108,2012
43478,Utica National Insurance Company of Texas,0.0336,1,5,2,8,29.727,109,2012
15024,Preferred Mutual Insurance Company,0.0338,2,4,11,17,59.157,110,2012
25275,MAPFRE Insurance Company of New York,0.0342,1,0,5,6,29.266,111,2012
11105,A. Central Insurance Company,0.0371,2,17,27,46,53.907,112,2012
37478,Hartford Insurance Company of the Midwest,0.0387,1,1,4,6,25.834,113,2012
29424,Hartford Casualty Insurance Company,0.0392,2,3,7,12,51.041,114,2012
11185,"Foremost Insurance Company Grand Rapids, Michigan",0.0397,1,2,12,15,25.181,115,2012
25143,State Farm Fire and Casualty Company,0.042,7,10,26,43,166.654,116,2012
13803,Farm Family Casualty Insurance Company,0.0421,1,2,2,5,23.749,117,2012
25941,United Services Automobile Association,0.0422,4,10,12,26,94.678,118,2012
25623,Phoenix Insurance Company,0.0442,1,0,2,3,22.611,119,2012
17230,Allstate Property and Casualty Insurance Company,0.0459,29,31,83,143,631.429,120,2012
34339,Metropolitan Group Property and Casualty Insurance Company,0.0475,4,4,13,21,84.126,121,2012
20052,National Liability & Fire Insurance Company,0.0489,3,13,28,44,61.342,122,2012
25232,21st Century Advantage Insurance Company,0.0511,1,2,11,14,19.568,123,2012
11037,Eveready Insurance Company,0.0524,1,5,22,28,19.09,124,2012
19704,American States Insurance Company,0.0619,3,3,11,17,48.469,125,2012
11252,Encompass Home and Auto Insurance Company,0.067,1,1,1,3,14.928,126,2012
21253,Garrison Property and Casualty Insurance Company,0.0718,2,2,11,15,27.864,127,2012
30104,Hartford Underwriters Insurance Company,0.0768,3,3,9,15,39.064,128,2012
38288,Hartford Insurance Company of Illinois,0.0851,5,7,21,33,58.737,129,2012
34460,AutoOne Insurance Company,0.0871,2,6,13,21,22.966,130,2012
19402,AIG Property Casualty Company,0.0923,1,0,0,1,10.84,131,2012
42404,Liberty Insurance Corporation,0.0949,1,2,1,4,10.533,132,2012
23760,Nationwide General Insurance Company,0.096,2,7,18,27,20.834,133,2012
34789,21st Century Centennial Insurance Company,0.1,1,2,5,8,10.002,134,2012
25712,Esurance Insurance Company,0.1016,4,3,11,18,39.353,135,2012
21261,Electric Insurance Company,0.102,1,0,1,2,9.803,136,2012
19232,Allstate Insurance Company,0.1107,116,203,297,616,1047.68,137,2012
24198,Peerless Insurance Company,0.1148,8,3,11,22,69.677,138,2012
14311,Interboro Insurance Company,0.1189,1,1,9,11,8.411,139,2012
23060,Tri-State Consumer Insurance Company,0.1229,2,8,45,55,16.268,140,2012
15130,Encompass Indemnity Company,0.1324,2,1,2,5,15.101,141,2012
19941,American Commerce Insurance Company,0.133,3,5,18,26,22.558,142,2012
14788,NGM Insurance Company,0.1666,2,3,4,9,12.005,143,2012
20796,21st Century Premier Insurance Company,0.1764,1,0,0,1,5.668,144,2012
22357,Hartford Accident and Indemnity Company,0.1788,1,1,4,6,5.592,145,2012
10881,Unitrin Advantage Insurance Company,0.1802,1,2,3,6,5.548,146,2012
10111,American Bankers Insurance Company of Florida,0.1828,1,0,0,1,5.47,147,2012
21709,Truck Insurance Exchange,0.1903,2,2,2,6,10.508,148,2012
18600,USAA General Indemnity Company,0.2078,6,6,11,23,28.881,149,2012
10022,Countryway Insurance Company,0.2416,1,1,0,2,4.139,150,2012
42447,National General Assurance Company,0.2766,2,1,3,6,7.232,151,2012
43044,Response Insurance Company,0.2778,1,0,2,3,3.599,152,2012
29742,Integon National Insurance Company,0.3672,1,1,1,3,2.723,153,2012
24740,SAFECO Insurance Company of America,0.3912,1,1,6,8,2.556,154,2012
21164,Dairyland Insurance Company,0.4304,1,1,5,7,2.323,155,2012
25658,Travelers Indemnity Company,0.4957,2,5,11,18,4.035,156,2012
19240,Allstate Indemnity Company,0.505,3,0,1,4,5.94,157,2012
10839,Country-Wide Insurance Company,0.5294,67,96,361,524,126.558,158,2012
25666,Travelers Indemnity Company of America,0.5822,1,0,0,1,1.718,159,2012
11215,SAFECO Insurance Company of Indiana,0.752,3,2,1,6,3.989,160,2012
23647,Ironshore Indemnity Inc.,0.7552,1,0,0,1,1.324,161,2012
39217,QBE Insurance Corporation,0.9347,11,7,36,54,11.768,162,2012
22268,Infinity Insurance Company,1.1494,1,0,2,3,0.87,163,2012
37648,Permanent General Assurance Corporation,1.3027,11,4,21,36,8.444,164,2012
11738,Infinity Auto Insurance Company,1.4244,1,0,2,3,0.702,165,2012
22292,Hanover Insurance Company,1.523,2,3,3,8,1.313,166,2012
12360,Ocean Harbor Casualty Insurance Company,1.9722,4,2,15,21,2.028,167,2012
29459,Twin City Fire Insurance Company,3.1233,3,0,0,3,0.961,168,2012
23329,Merchants Mutual Insurance Company,4.1535,1,4,3,8,0.241,169,2012
32620,National Interstate Insurance Company,7.0636,1,0,0,1,0.142,170,2012
19445,"National Union Fire Insurance Company of Pittsburgh, Pa.",15.2014,2,0,2,4,0.132,171,2012
12963,21st Century Insurance Company,22.5286,1,0,7,8,0.044,172,2012
10914,Kemper Independence Insurance Company,0,0,10,4,14,55.999,1,2011
42919,Progressive Northwestern Insurance Company,0,0,3,4,7,43.555,2,2011
20303,Great Northern Insurance Company,0,0,1,1,2,28.317,3,2011
12901,Merchants Preferred Insurance Company,0,0,3,9,12,27.237,4,2011
29939,Main Street America Assurance Company,0,0,2,6,8,27.202,5,2011
16063,Unitrin Auto and Home Insurance Company,0,0,2,5,7,25.004,6,2011
43478,Utica National Insurance Company of Texas,0,0,4,5,9,23.915,7,2011
40231,Old Dominion Insurance Company,0,0,0,2,2,23.072,8,2011
15130,Encompass Indemnity Company,0,0,3,3,6,20.229,9,2011
25909,Unitrin Preferred Insurance Company,0,0,3,2,5,20.213,10,2011
19410,Commerce and Industry Insurance Company,0,0,0,3,3,19.84,11,2011
10071,Encompass Insurance Company of America,0,0,2,8,10,19.471,12,2011
19062,"Automobile Insurance Company of Hartford, Connecticut",0,0,1,3,4,19.342,13,2011
28188,TravCo Insurance Company,0,0,1,1,2,18.538,14,2011
11185,"Foremost Insurance Company Grand Rapids, Michigan",0,0,1,6,7,18.442,15,2011
40649,Economy Premier Assurance Company,0,0,3,0,3,17.655,16,2011
18279,Bankers Standard Insurance Company,0,0,0,0,0,17.625,17,2011
25682,Travelers Indemnity Company of Connecticut,0,0,2,6,8,15.475,18,2011
43974,21st Century Indemnity Insurance Company,0,0,2,2,4,12.988,19,2011
26093,Nationwide Affinity Insurance Company of America,0,0,2,1,3,11.736,20,2011
12504,Ameriprise Insurance Company,0,0,2,1,3,10.949,21,2011
25615,Charter Oak Fire Insurance Company,0,0,1,1,2,10.614,22,2011
11252,Encompass Home and Auto Insurance Company,0,0,1,2,3,10.509,23,2011
21261,Electric Insurance Company,0,0,0,2,2,10.422,24,2011
23779,Nationwide Mutual Fire Insurance Company,0,0,4,5,9,10.358,25,2011
12475,Republic-Franklin Insurance Company,0,0,0,1,1,10.231,26,2011
31534,Citizens Insurance Company of America,0,0,0,0,0,8.296,27,2011
23469,American Modern Home Insurance Company,0,0,0,0,0,7.334,28,2011
22357,Hartford Accident and Indemnity Company,0,0,3,3,6,6.994,29,2011
10072,Encompass Property and Casualty Company,0,0,0,0,0,6.741,30,2011
20796,21st Century Premier Insurance Company,0,0,0,0,0,6.598,31,2011
37877,Nationwide Property and Casualty Insurance Company,0,0,0,0,0,6.512,32,2011
22306,Massachusetts Bay Insurance Company,0,0,1,0,1,5.786,33,2011
10881,Unitrin Advantage Insurance Company,0,0,0,2,2,5.696,34,2011
20230,Central Mutual Insurance Company,0,0,0,1,1,5.365,35,2011
21865,Associated Indemnity Corporation,0,0,0,0,0,5.254,36,2011
26050,Response Worldwide Insurance Company,0,0,1,1,2,5.171,37,2011
10111,American Bankers Insurance Company of Florida,0,0,0,1,1,5.153,38,2011
23728,National General Insurance Company,0,0,0,1,1,5.11,39,2011
20397,Vigilant Insurance Company,0,0,0,2,2,4.924,40,2011
19070,Standard Fire Insurance Company,0,0,0,0,0,4.623,41,2011
21849,American Automobile Insurance Company,0,0,0,2,2,4.481,42,2011
12873,Privilege Underwriters Reciprocal Exchange,0,0,0,0,0,4.467,43,2011
43044,Response Insurance Company,0,0,0,0,0,4.301,44,2011
40754,Blue Ridge Indemnity Company,0,0,2,0,2,3.84,45,2011
41513,Foremost Signature Insurance Company,0,0,0,2,2,3.531,46,2011
39004,Kemper Financial Indemnity Company,0,0,0,2,2,3.401,47,2011
23450,American Family Home Insurance Company,0,0,0,0,0,3.124,48,2011
10674,Harleysville Insurance Company of New York,0,0,0,0,0,2.767,49,2011
34690,Property and Casualty Insurance Company of Hartford,0,0,1,0,1,2.733,50,2011
18058,Philadelphia Indemnity Insurance Company,0,0,1,2,3,2.573,51,2011
21164,Dairyland Insurance Company,0,0,2,0,2,2.445,52,2011
29742,Integon National Insurance Company,0,0,0,1,1,2.258,53,2011
34479,Maidstone Insurance Company,0,0,1,0,1,2.254,54,2011
33855,Lincoln General Insurance Company,0,0,2,8,10,2.163,55,2011
15210,Sterling Insurance Company,0,0,1,0,1,2.078,56,2011
41491,GEICO Casualty Company,0,0,3,3,6,2.02,57,2011
31488,Integon Preferred Insurance Company,0,0,0,0,0,1.885,58,2011
21881,National Surety Corporation,0,0,0,0,0,1.879,59,2011
21873,Fireman's Fund Insurance Company,0,0,0,0,0,1.682,60,2011
22225,21st Century Preferred Insurance Company,0,0,0,0,0,1.617,61,2011
27120,Trumbull Insurance Company,0,0,0,2,2,1.611,62,2011
25984,Graphic Arts Mutual Insurance Company,0,0,0,0,0,1.581,63,2011
10687,Utica National Assurance Company,0,0,0,0,0,1.43,64,2011
10723,Nationwide Assurance Company,0,0,1,3,4,1.348,65,2011
20346,Pacific Indemnity Company,0,0,0,0,0,1.251,66,2011
19615,American Reliable Insurance Company,0,0,0,0,0,1.147,67,2011
26182,Harleysville Worcester Insurance Company,0,0,0,0,0,1.004,68,2011
22063,Government Employees Insurance Company,0.006,3,96,143,242,501.969,69,2011
14834,New York Central Mutual Fire Insurance Company,0.0085,2,25,65,92,235.051,70,2011
32786,Progressive Specialty Insurance Company,0.0106,1,6,26,33,94.159,71,2011
35882,GEICO General Insurance Company,0.0107,15,189,226,430,1397.051,72,2011
19976,Amica Mutual Insurance Company,0.0112,1,3,6,10,89.669,73,2011
22055,GEICO Indemnity Company,0.0125,8,72,109,189,640.146,74,2011
38628,Progressive Northern Insurance Company,0.0156,2,11,16,29,128.244,75,2011
37834,Progressive Preferred Insurance Company,0.0182,1,11,7,19,54.859,76,2011
20052,National Liability & Fire Insurance Company,0.0208,1,7,15,23,47.97,77,2011
25143,State Farm Fire and Casualty Company,0.0226,4,14,38,56,176.852,78,2011
25178,State Farm Mutual Automobile Insurance Company,0.0248,27,131,219,377,1087.724,79,2011
34339,Metropolitan Group Property and Casualty Insurance Company,0.0251,2,5,8,15,79.576,80,2011
12583,Adirondack Insurance Exchange,0.0268,2,5,11,18,74.561,81,2011
40169,Metropolitan Casualty Insurance Company,0.0296,4,6,25,35,134.97,82,2011
23035,Liberty Mutual Fire Insurance Company,0.0325,16,43,88,147,491.956,83,2011
27998,Travelers Home and Marine Insurance Company,0.0327,8,12,23,43,244.51,84,2011
23760,Nationwide General Insurance Company,0.0334,1,7,32,40,29.905,85,2011
19704,American States Insurance Company,0.0339,1,2,9,12,29.47,86,2011
37478,Hartford Insurance Company of the Midwest,0.0342,1,1,7,9,29.212,87,2011
23787,Nationwide Mutual Insurance Company,0.0359,4,7,14,25,111.289,88,2011
25674,Travelers Property Casualty Company of America,0.0364,5,10,23,38,137.191,89,2011
25623,Phoenix Insurance Company,0.0366,1,1,4,6,27.359,90,2011
17230,Allstate Property and Casualty Insurance Company,0.0384,26,45,107,178,676.299,91,2011
25453,Nationwide Insurance Company of America,0.041,4,10,16,30,97.532,92,2011
13803,Farm Family Casualty Insurance Company,0.0431,1,6,6,13,23.199,93,2011
11000,"Sentinel Insurance Company, Ltd.",0.0436,2,3,11,16,45.899,94,2011
36137,Travelers Commercial Insurance Company,0.0463,1,1,2,4,21.581,95,2011
41483,Farmington Casualty Company,0.0478,1,1,6,8,20.907,96,2011
11037,Eveready Insurance Company,0.0485,1,7,25,33,20.634,97,2011
11105,A. Central Insurance Company,0.0486,3,27,30,60,61.767,98,2011
24279,Progressive Max Insurance Company,0.0491,2,1,6,9,40.771,99,2011
25232,21st Century Advantage Insurance Company,0.0511,1,1,8,10,19.562,100,2011
15024,Preferred Mutual Insurance Company,0.0531,3,12,7,22,56.518,101,2011
11851,Progressive Advanced Insurance Company,0.0533,4,2,25,31,75.065,102,2011
29068,IDS Property Casualty Insurance Company,0.0548,1,4,5,10,18.263,103,2011
12777,Chubb Indemnity Insurance Company,0.0576,1,0,1,2,17.362,104,2011
16322,Progressive Direct Insurance Company,0.059,4,13,49,66,67.849,105,2011
38288,Hartford Insurance Company of Illinois,0.0607,4,6,22,32,65.846,106,2011
10052,Chubb National Insurance Company,0.0625,1,0,3,4,16.004,107,2011
25941,United Services Automobile Association,0.064,6,3,17,26,93.731,108,2011
25968,USAA Casualty Insurance Company,0.0647,5,6,19,30,77.319,109,2011
29424,Hartford Casualty Insurance Company,0.0656,2,1,7,10,30.478,110,2011
12130,New South Insurance Company,0.0724,8,5,19,32,110.503,111,2011
14788,NGM Insurance Company,0.0741,1,5,5,11,13.488,112,2011
26263,Erie Insurance Company,0.0749,5,4,8,17,66.789,113,2011
30104,Hartford Underwriters Insurance Company,0.0789,2,0,2,4,25.353,114,2011
24198,Peerless Insurance Company,0.0795,6,17,12,35,75.486,115,2011
10921,CSAA Fire & Casualty Insurance Company,0.0806,1,1,6,8,12.403,116,2011
37915,Essentia Insurance Company,0.0812,1,1,0,2,12.315,117,2011
33588,First Liberty Insurance Corporation,0.0814,2,4,5,11,24.56,118,2011
42404,Liberty Insurance Corporation,0.0817,1,1,2,4,12.234,119,2011
10806,Farmers New Century Insurance Company,0.0853,1,1,6,8,11.717,120,2011
19232,Allstate Insurance Company,0.0861,97,251,312,660,1127.18,121,2011
11908,Mercury Casualty Company,0.0865,3,5,14,22,34.691,122,2011
18600,USAA General Indemnity Company,0.0906,2,4,8,14,22.085,123,2011
24260,Progressive Casualty Insurance Company,0.0916,9,12,51,72,98.255,124,2011
25712,Esurance Insurance Company,0.1019,5,9,30,44,49.068,125,2011
32220,21st Century North America Insurance Company,0.1027,3,4,8,15,29.2,126,2011
26085,Warner Insurance Company,0.1101,1,1,4,6,9.08,127,2011
23060,Tri-State Consumer Insurance Company,0.1134,2,11,39,52,17.639,128,2011
21253,Garrison Property and Casualty Insurance Company,0.1226,2,3,6,11,16.307,129,2011
25275,MAPFRE Insurance Company of New York,0.1255,3,7,19,29,23.908,130,2011
25658,Travelers Indemnity Company,0.1476,1,4,23,28,6.774,131,2011
10212,Allmerica Financial Alliance Insurance Company,0.1538,7,9,3,19,45.506,132,2011
34460,AutoOne Insurance Company,0.1689,6,7,19,32,35.518,133,2011
34789,21st Century Centennial Insurance Company,0.1702,2,1,6,9,11.751,134,2011
20133,Response Worldwide Direct Auto Insurance Company,0.1712,1,1,2,4,5.842,135,2011
21709,Truck Insurance Exchange,0.1746,3,5,5,13,17.181,136,2011
19682,Hartford Fire Insurance Company,0.1746,1,2,2,5,5.726,137,2011
11215,SAFECO Insurance Company of Indiana,0.1862,1,1,1,3,5.371,138,2011
25976,Utica Mutual Insurance Company,0.1866,1,0,7,8,5.36,139,2011
19941,American Commerce Insurance Company,0.2009,9,8,21,38,44.789,140,2011
39217,QBE Insurance Corporation,0.2184,4,22,34,60,18.318,141,2011
36170,Travelers Casualty Company of Connecticut,0.2455,1,0,0,1,4.073,142,2011
36587,21st Century National Insurance Company,0.2607,1,1,1,3,3.836,143,2011
10022,Countryway Insurance Company,0.2637,1,0,2,3,3.793,144,2011
19240,Allstate Indemnity Company,0.2909,2,3,7,12,6.875,145,2011
26298,Metropolitan Property and Casualty Insurance Company,0.2939,1,0,2,3,3.402,146,2011
42447,National General Assurance Company,0.2954,2,2,2,6,6.77,147,2011
14311,Interboro Insurance Company,0.3217,3,2,5,10,9.325,148,2011
13242,Titan Indemnity Company,0.3221,1,0,2,3,3.105,149,2011
37257,Praetorian Insurance Company,0.3694,9,20,45,74,24.362,150,2011
10839,Country-Wide Insurance Company,0.4025,45,84,365,494,111.791,151,2011
10226,Unitrin Direct Insurance Company,0.4448,2,2,10,14,4.496,152,2011
36161,Travelers Property Casualty Insurance Company,0.4477,1,0,3,4,2.233,153,2011
25666,Travelers Indemnity Company of America,0.4838,1,0,1,2,2.067,154,2011
20281,Federal Insurance Company,0.5285,1,0,2,3,1.892,155,2011
10645,Drivers Insurance Company,0.6697,2,1,4,7,2.986,156,2011
10915,Unitrin Direct Property & Casualty Company,0.6746,1,0,2,3,1.482,157,2011
37648,Permanent General Assurance Corporation,0.8247,9,4,15,28,10.913,158,2011
24740,SAFECO Insurance Company of America,0.9778,3,1,2,6,3.068,159,2011
22268,Infinity Insurance Company,1.0487,1,1,0,2,0.954,160,2011
22292,Hanover Insurance Company,1.22,2,0,1,3,1.639,161,2011
12360,Ocean Harbor Casualty Insurance Company,1.2977,4,9,25,38,3.082,162,2011
18376,Hermitage Insurance Company,1.4627,1,0,0,1,0.684,163,2011
12963,21st Century Insurance Company,2.2174,1,0,11,12,0.451,164,2011
29459,Twin City Fire Insurance Company,2.8216,4,0,0,4,1.418,165,2011
31968,Merastar Insurance Company,3.0793,1,0,0,1,0.325,166,2011
13668,Kingstone Insurance Company,5.1043,1,1,3,5,0.196,167,2011
24821,Meritplan Insurance Company,7.4144,2,1,5,8,0.27,168,2011
24988,Sentry Insurance A Mutual Company,14.9651,1,0,0,1,0.067,169,2011
26263,Erie Insurance Company,0,0,3,15,18,64.096,1,2010
10914,Kemper Independence Insurance Company,0,0,8,8,16,52.083,2,2010
25623,Phoenix Insurance Company,0,0,1,5,6,34.032,3,2010
20303,Great Northern Insurance Company,0,0,1,2,3,33.769,4,2010
29939,Main Street America Assurance Company,0,0,2,5,7,32.562,5,2010
19410,Commerce and Industry Insurance Company,0,0,0,6,6,21.788,6,2010
33588,First Liberty Insurance Corporation,0,0,2,4,6,20.462,7,2010
41483,Farmington Casualty Company,0,0,1,14,15,19.803,8,2010
29068,IDS Property Casualty Insurance Company,0,0,1,1,2,19.802,9,2010
18600,USAA General Indemnity Company,0,0,2,2,4,16.659,10,2010
43478,Utica National Insurance Company of Texas,0,0,1,3,4,15.747,11,2010
25615,Charter Oak Fire Insurance Company,0,0,3,1,4,13.334,12,2010
18279,Bankers Standard Insurance Company,0,0,1,0,1,13.087,13,2010
12475,Republic-Franklin Insurance Company,0,0,0,1,1,11.985,14,2010
11185,"Foremost Insurance Company Grand Rapids, Michigan",0,0,2,2,4,11.64,15,2010
37915,Essentia Insurance Company,0,0,0,1,1,11.609,16,2010
40231,Old Dominion Insurance Company,0,0,0,0,0,10.78,17,2010
22357,Hartford Accident and Indemnity Company,0,0,5,10,15,8.946,18,2010
10072,Encompass Property and Casualty Company,0,0,0,1,1,8.111,19,2010
19429,Insurance Company of the State of Pennsylvania,0,0,1,1,2,7.953,20,2010
11252,Encompass Home and Auto Insurance Company,0,0,2,4,6,7.538,21,2010
10052,Chubb National Insurance Company,0,0,0,1,1,7.03,22,2010
20052,National Liability & Fire Insurance Company,0,0,2,5,7,6.743,23,2010
21865,Associated Indemnity Corporation,0,0,0,1,1,6.397,24,2010
20133,Response Worldwide Direct Auto Insurance Company,0,0,1,1,2,6.338,25,2010
42447,National General Assurance Company,0,0,0,0,0,6.337,26,2010
34479,AutoOne Select Insurance Company,0,0,1,5,6,6.326,27,2010
23728,National General Insurance Company,0,0,1,3,4,6.16,28,2010
26050,Response Worldwide Insurance Company,0,0,0,2,2,6.109,29,2010
10881,Unitrin Advantage Insurance Company,0,0,1,4,5,5.946,30,2010
19070,Standard Fire Insurance Company,0,0,0,2,2,5.856,31,2010
20397,Vigilant Insurance Company,0,0,0,0,0,5.85,32,2010
37877,Nationwide Property and Casualty Insurance Company,0,0,3,7,10,5.694,33,2010
20230,Central Mutual Insurance Company,0,0,1,0,1,5.178,34,2010
36170,Travelers Casualty Company of Connecticut,0,0,2,0,2,5.051,35,2010
25976,Utica Mutual Insurance Company,0,0,1,7,8,4.919,36,2010
21849,American Automobile Insurance Company,0,0,0,1,1,4.878,37,2010
10111,American Bankers Insurance Company of Florida,0,0,0,3,3,4.677,38,2010
12504,Ameriprise Insurance Company,0,0,0,1,1,4.599,39,2010
40754,Blue Ridge Indemnity Company,0,0,0,0,0,4.211,40,2010
39004,National Merit Insurance Company,0,0,1,3,4,3.867,41,2010
10022,Countryway Insurance Company,0,0,1,2,3,3.697,42,2010
23450,American Family Home Insurance Company,0,0,0,1,1,3.388,43,2010
10645,Drivers Insurance Company,0,0,3,5,8,3.29,44,2010
34690,Property and Casualty Insurance Company of Hartford,0,0,2,2,4,3.289,45,2010
12873,Privilege Underwriters Reciprocal Exchange,0,0,0,0,0,2.806,46,2010
25984,Graphic Arts Mutual Insurance Company,0,0,0,3,3,2.552,47,2010
31488,Integon Preferred Insurance Company,0,0,0,0,0,2.211,48,2010
20281,Federal Insurance Company,0,0,2,2,4,2.183,49,2010
10687,Utica National Assurance Company,0,0,3,3,6,2.179,50,2010
21881,National Surety Corporation,0,0,1,0,1,2.173,51,2010
21873,Fireman's Fund Insurance Company,0,0,1,0,1,2.103,52,2010
38601,MIC Property and Casualty Insurance Corporation,0,0,0,1,1,1.953,53,2010
22225,21st Century Preferred Insurance Company,0,0,0,2,2,1.934,54,2010
29742,Integon National Insurance Company,0,0,0,1,1,1.816,55,2010
15210,Sterling Insurance Company,0,0,0,0,0,1.788,56,2010
22004,Cim Insurance Corporation,0,0,0,0,0,1.684,57,2010
13242,Titan Indemnity Company,0,0,1,2,3,1.633,58,2010
20346,Pacific Indemnity Company,0,0,0,0,0,1.536,59,2010
19615,American Reliable Insurance Company,0,0,0,0,0,1.288,60,2010
10723,Nationwide Assurance Company,0,0,0,0,0,1.237,61,2010
26182,Harleysville Worcester Insurance Company,0,0,0,0,0,1.187,62,2010
23787,Nationwide Mutual Insurance Company,0.0081,1,13,24,38,123.174,63,2010
14834,New York Central Mutual Fire Insurance Company,0.013,3,39,67,109,230.064,64,2010
40169,Metropolitan Casualty Insurance Company,0.0139,2,14,21,37,144.39,65,2010
35882,GEICO General Insurance Company,0.0156,20,180,238,438,1284.558,66,2010
11105,A. Central Insurance Company,0.0169,1,13,37,51,59.201,67,2010
25143,State Farm Fire and Casualty Company,0.0176,3,18,35,56,170.59,68,2010
12130,New South Insurance Company,0.0198,2,8,17,27,101.145,69,2010
38628,Progressive Northern Insurance Company,0.0225,4,12,23,39,178.138,70,2010
19941,American Commerce Insurance Company,0.0226,1,8,14,23,44.313,71,2010
25453,Nationwide Insurance Company of America,0.0226,2,6,13,21,88.474,72,2010
22055,GEICO Indemnity Company,0.0227,14,132,166,312,618.005,73,2010
11908,Mercury Casualty Company,0.0292,1,5,13,19,34.257,74,2010
37478,Hartford Insurance Company of the Midwest,0.0299,1,1,9,11,33.443,75,2010
24279,Progressive Max Insurance Company,0.0336,1,2,7,10,29.803,76,2010
22063,Government Employees Insurance Company,0.0336,16,189,249,454,476.171,77,2010
16063,Unitrin Auto and Home Insurance Company,0.0337,1,2,5,8,29.677,78,2010
19976,Amica Mutual Insurance Company,0.0347,3,7,14,24,86.409,79,2010
25178,State Farm Mutual Automobile Insurance Company,0.0361,37,177,212,426,1024.953,80,2010
15024,Preferred Mutual Insurance Company,0.0362,2,9,12,23,55.206,81,2010
32220,21st Century North America Insurance Company,0.0377,1,5,15,21,26.516,82,2010
11851,Progressive Advanced Insurance Company,0.0386,2,9,20,31,51.753,83,2010
34339,Metropolitan Group Property and Casualty Insurance Company,0.0399,3,5,13,21,75.119,84,2010
24198,Peerless Insurance Company,0.0413,3,15,17,35,72.694,85,2010
19062,"Automobile Insurance Company of Hartford, Connecticut",0.0416,1,2,3,6,24.032,86,2010
25909,Unitrin Preferred Insurance Company,0.0421,1,0,3,4,23.751,87,2010
25941,United Services Automobile Association,0.0423,4,8,20,32,94.451,88,2010
42919,Progressive Northwestern Insurance Company,0.0427,2,2,11,15,46.858,89,2010
28188,TravCo Insurance Company,0.0433,1,2,3,6,23.069,90,2010
12583,Adirondack Insurance Exchange,0.0473,4,15,6,25,84.519,91,2010
17230,Allstate Property and Casualty Insurance Company,0.0475,29,38,100,167,610.465,92,2010
11000,"Sentinel Insurance Company, Ltd.",0.0478,3,3,10,16,62.721,93,2010
12777,Chubb Indemnity Insurance Company,0.0479,1,1,2,4,20.86,94,2010
32786,Progressive Specialty Insurance Company,0.0481,3,5,11,19,62.395,95,2010
27998,Travelers Home and Marine Insurance Company,0.0504,9,17,21,47,178.498,96,2010
40649,Economy Premier Assurance Company,0.0515,1,1,2,4,19.421,97,2010
23035,Liberty Mutual Fire Insurance Company,0.0547,26,82,84,192,474.954,98,2010
37834,Progressive Preferred Insurance Company,0.0548,5,11,25,41,91.241,99,2010
16322,Progressive Direct Insurance Company,0.0555,5,17,26,48,90.082,100,2010
25674,Travelers Property Casualty Company of America,0.0576,10,12,31,53,173.747,101,2010
11037,Eveready Insurance Company,0.0598,1,10,24,35,16.712,102,2010
23760,Nationwide General Insurance Company,0.0611,2,10,24,36,32.751,103,2010
25968,USAA Casualty Insurance Company,0.0613,5,6,23,34,81.562,104,2010
25275,State-Wide Insurance Company,0.0672,2,10,24,36,29.762,105,2010
10212,Allmerica Financial Alliance Insurance Company,0.0797,4,7,12,23,50.212,106,2010
38288,Hartford Insurance Company of Illinois,0.081,6,13,16,35,74.058,107,2010
10071,Encompass Insurance Company of America,0.0826,2,4,9,15,24.226,108,2010
42404,Liberty Insurance Corporation,0.0862,1,1,3,5,11.6,109,2010
30104,Hartford Underwriters Insurance Company,0.0864,1,2,0,3,11.576,110,2010
12901,Merchants Preferred Insurance Company,0.0873,2,3,3,8,22.917,111,2010
37257,Praetorian Insurance Company,0.0878,4,18,35,57,45.538,112,2010
29424,Hartford Casualty Insurance Company,0.0909,1,3,5,9,11,113,2010
21261,Electric Insurance Company,0.091,1,3,3,7,10.99,114,2010
26085,Warner Insurance Company,0.0912,1,2,5,8,10.97,115,2010
34789,21st Century Centennial Insurance Company,0.097,1,0,8,9,10.312,116,2010
31534,Citizens Insurance Company of America,0.0994,1,2,3,6,10.057,117,2010
21709,Truck Insurance Exchange,0.1032,3,7,19,29,29.073,118,2010
33855,Lincoln General Insurance Company,0.1188,2,15,32,49,16.837,119,2010
23469,American Modern Home Insurance Company,0.1203,1,0,0,1,8.31,120,2010
21253,Garrison Property and Casualty Insurance Company,0.1218,1,1,1,3,8.211,121,2010
14788,NGM Insurance Company,0.1265,2,3,6,11,15.808,122,2010
36137,Travelers Commercial Insurance Company,0.1278,2,1,4,7,15.648,123,2010
19704,American States Insurance Company,0.1292,2,0,7,9,15.475,124,2010
13803,Farm Family Casualty Insurance Company,0.1319,3,1,12,16,22.745,125,2010
22306,Massachusetts Bay Insurance Company,0.1366,1,0,0,1,7.318,126,2010
19682,Hartford Fire Insurance Company,0.1386,1,0,3,4,7.218,127,2010
24260,Progressive Casualty Insurance Company,0.1388,7,25,71,103,50.422,128,2010
15130,Encompass Indemnity Company,0.1392,4,4,8,16,28.741,129,2010
19232,Allstate Insurance Company,0.1423,170,698,482,1350,1194.346,130,2010
20796,21st Century Premier Insurance Company,0.1428,1,0,1,2,7.001,131,2010
39217,QBE Insurance Corporation,0.1486,3,14,35,52,20.19,132,2010
10226,Unitrin Direct Insurance Company,0.1519,1,7,9,17,6.582,133,2010
25682,Travelers Indemnity Company of Connecticut,0.155,3,2,4,9,19.36,134,2010
43974,21st Century Indemnity Insurance Company,0.1694,3,4,7,14,17.713,135,2010
12360,Ocean Harbor Casualty Insurance Company,0.1773,1,15,24,40,5.641,136,2010
10921,ACA Insurance Company,0.1833,2,0,1,3,10.912,137,2010
43044,Response Insurance Company,0.1926,1,1,4,6,5.191,138,2010
25712,Esurance Insurance Company,0.1998,11,6,45,62,55.049,139,2010
25232,21st Century Advantage Insurance Company,0.2239,4,2,14,20,17.868,140,2010
26298,Metropolitan Property and Casualty Insurance Company,0.2274,1,3,2,6,4.398,141,2010
23779,Nationwide Mutual Fire Insurance Company,0.2369,5,7,15,27,21.11,142,2010
34460,AutoOne Insurance Company,0.2474,11,20,41,72,44.459,143,2010
14311,Interboro Insurance Company,0.2485,2,3,5,10,8.049,144,2010
10806,Farmers New Century Insurance Company,0.2617,4,8,6,18,15.283,145,2010
11215,SAFECO Insurance Company of Indiana,0.2678,2,1,4,7,7.469,146,2010
24740,SAFECO Insurance Company of America,0.2719,1,3,11,15,3.677,147,2010
23060,Tri-State Consumer Insurance Company,0.272,5,16,32,53,18.382,148,2010
36587,21st Century National Insurance Company,0.285,3,7,8,18,10.526,149,2010
29459,Twin City Fire Insurance Company,0.3453,1,0,0,1,2.896,150,2010
41491,GEICO Casualty Company,0.3458,1,4,24,29,2.892,151,2010
10839,Country-Wide Insurance Company,0.3643,32,245,400,677,87.843,152,2010
36161,Travelers Property Casualty Insurance Company,0.3711,1,2,14,17,2.695,153,2010
23841,New Hampshire Insurance Company,0.3867,1,1,6,8,2.586,154,2010
25666,Travelers Indemnity Company of America,0.3909,1,0,1,2,2.558,155,2010
25658,Travelers Indemnity Company,0.5906,5,9,15,29,8.467,156,2010
22268,Infinity Insurance Company,0.6902,1,0,1,2,1.449,157,2010
21164,Dairyland Insurance Company,0.7283,2,0,1,3,2.746,158,2010
37648,Permanent General Assurance Corporation,0.8171,6,0,19,25,7.343,159,2010
18058,Philadelphia Indemnity Insurance Company,0.8494,2,0,0,2,2.355,160,2010
12963,21st Century Insurance Company,0.9431,1,4,19,24,1.06,161,2010
10915,Unitrin Direct Property & Casualty Company,0.9908,2,2,0,4,2.019,162,2010
19240,Allstate Indemnity Company,1.231,10,4,12,26,8.124,163,2010
19380,American Home Assurance Company,1.3084,1,0,2,3,0.764,164,2010
24813,Balboa Insurance Company,1.3248,1,0,1,2,0.755,165,2010
27120,Trumbull Insurance Company,2.017,1,0,0,1,0.496,166,2010
19399,AIU Insurance Company,2.1424,1,0,3,4,0.467,167,2010
24821,Meritplan Insurance Company,2.7751,2,1,1,4,0.721,168,2010
22292,Hanover Insurance Company,2.8907,6,2,2,10,2.076,169,2010
37850,Pacific Specialty Insurance Company,3.4159,1,0,1,2,0.293,170,2010
23817,Illinois National Insurance Co.,6.2547,1,1,0,2,0.16,171,2010
25054,Hudson Insurance Company,6.8039,1,0,1,2,0.147,172,2010
10243,National Continental Insurance Company,10.3004,1,3,4,8,0.097,173,2010
19445,"National Union Fire Insurance Company of Pittsburgh, Pa.",25.7674,2,0,2,4,0.078,174,2010
21792,Infinity Casualty Insurance Company,31.5686,1,0,0,1,0.032,175,2010
19402,Chartis Property Casualty Company,33.7096,4,0,5,9,0.119,176,2010
22187,Greater New York Mutual Insurance Company,74.5379,1,0,0,1,0.013,177,2010
21970,OneBeacon Insurance Company,128.0041,2,0,1,3,0.016,178,2010
20532,Clarendon National Insurance Company,280.4459,2,0,10,12,0.007,179,2010
23787,Nationwide Mutual Insurance Company,0,0,17,38,55,140.474,1,2009
12583,Adirondack Insurance Exchange,0,0,20,21,41,94.6,2,2009
19976,Amica Mutual Insurance Company,0,0,4,7,11,85.452,3,2009
25623,Phoenix Insurance Company,0,0,1,3,4,42.506,4,2009
20303,Great Northern Insurance Company,0,0,3,5,8,40.097,5,2009
28188,TravCo Insurance Company,0,0,2,2,4,28.076,6,2009
12777,Chubb Indemnity Insurance Company,0,0,1,4,5,25.059,7,2009
19410,Commerce and Industry Insurance Company,0,0,1,3,4,23.817,8,2009
36587,21st Century National Insurance Company,0,0,8,32,40,22.727,9,2009
40649,Economy Premier Assurance Company,0,0,2,3,5,21.35,10,2009
19941,American Commerce Insurance Company,0,0,0,1,1,18.639,11,2009
11851,Progressive Advanced Insurance Company,0,0,2,6,8,18.128,12,2009
25615,Charter Oak Fire Insurance Company,0,0,0,2,2,16.533,13,2009
12901,Merchants Preferred Insurance Company,0,0,1,1,2,14.46,14,2009
12475,Republic-Franklin Insurance Company,0,0,2,2,4,13.669,15,2009
31534,Citizens Insurance Company of America,0,0,1,3,4,12.418,16,2009
42404,Liberty Insurance Corporation,0,0,2,9,11,12.303,17,2009
18600,USAA General Indemnity Company,0,0,4,8,12,12.075,18,2009
32220,21st Century North America Insurance Company,0,0,0,3,3,11.959,19,2009
11185,"Foremost Insurance Company Grand Rapids, Michigan",0,0,1,3,4,10.948,20,2009
37915,Essentia Insurance Company,0,0,0,0,0,10.019,21,2009
36137,Travelers Commercial Insurance Company,0,0,0,2,2,9.968,22,2009
22306,Massachusetts Bay Insurance Company,0,0,1,2,3,9.248,23,2009
21865,Associated Indemnity Corporation,0,0,0,0,0,7.482,24,2009
23728,National General Insurance Company,0,0,0,4,4,7.209,25,2009
26050,Response Worldwide Insurance Company,0,0,3,4,7,7.133,26,2009
11252,Encompass Home and Auto Insurance Company,0,0,3,5,8,6.712,27,2009
20796,21st Century Premier Insurance Company,0,0,1,1,2,6.688,28,2009
20397,Vigilant Insurance Company,0,0,0,0,0,6.675,29,2009
24813,Balboa Insurance Company,0,0,0,0,0,6.539,30,2009
36170,Travelers Casualty Company of Connecticut,0,0,1,1,2,6.288,31,2009
37877,Nationwide Property and Casualty Insurance Company,0,0,3,5,8,5.704,32,2009
18279,Bankers Standard Insurance Company,0,0,0,0,0,5.589,33,2009
42447,National General Assurance Company,0,0,0,3,3,5.478,34,2009
38601,MIC Property and Casualty Insurance Corporation,0,0,1,1,2,5.294,35,2009
22004,Cim Insurance Corporation,0,0,0,1,1,5.202,36,2009
21849,American Automobile Insurance Company,0,0,0,0,0,4.97,37,2009
40754,Blue Ridge Indemnity Company,0,0,0,0,0,4.835,38,2009
20230,Central Mutual Insurance Company,0,0,0,2,2,4.683,39,2009
39004,National Merit Insurance Company,0,0,0,1,1,4.504,40,2009
24740,SAFECO Insurance Company of America,0,0,3,5,8,4.435,41,2009
10111,American Bankers Insurance Company of Florida,0,0,0,2,2,4.268,42,2009
10022,Countryway Insurance Company,0,0,2,2,4,3.773,43,2009
33235,Harleysville Insurance Company of New York,0,0,1,3,4,3.688,44,2009
23450,American Family Home Insurance Company,0,0,1,1,2,3.557,45,2009
29459,Twin City Fire Insurance Company,0,0,1,3,4,3.287,46,2009
25666,Travelers Indemnity Company of America,0,0,3,3,6,3.207,47,2009
25984,Graphic Arts Mutual Insurance Company,0,0,0,0,0,3.16,48,2009
30104,Hartford Underwriters Insurance Company,0,0,0,1,1,2.786,49,2009
10915,Unitrin Direct Property & Casualty Company,0,0,1,1,2,2.707,50,2009
10687,Utica National Assurance Company,0,0,2,2,4,2.548,51,2009
22225,21st Century Preferred Insurance Company,0,0,1,0,1,2.389,52,2009
40231,Old Dominion Insurance Company,0,0,0,0,0,2.351,53,2009
31488,Integon Preferred Insurance Company,0,0,0,0,0,2.309,54,2009
21881,National Surety Corporation,0,0,0,0,0,2.251,55,2009
18058,Philadelphia Indemnity Insurance Company,0,0,0,2,2,2.093,56,2009
20346,Pacific Indemnity Company,0,0,0,0,0,1.836,57,2009
15210,Sterling Insurance Company,0,0,0,3,3,1.774,58,2009
23329,Merchants Mutual Insurance Company,0,0,7,4,11,1.771,59,2009
10723,Nationwide Assurance Company,0,0,0,2,2,1.727,60,2009
26182,Harleysville Worcester Insurance Company,0,0,0,0,0,1.422,61,2009
19615,American Reliable Insurance Company,0,0,0,0,0,1.358,62,2009
39950,Metropolitan General Insurance Company,0,0,1,0,1,1.166,63,2009
10052,Chubb National Insurance Company,0,0,0,1,1,1.156,64,2009
18376,Hermitage Insurance Company,0,0,1,2,3,1.151,65,2009
38628,Progressive Northern Insurance Company,0.009,1,1,6,8,110.726,66,2009
12130,New South Insurance Company,0.0119,1,8,26,35,84.383,67,2009
35882,GEICO General Insurance Company,0.0122,15,211,222,448,1227.732,68,2009
22063,Government Employees Insurance Company,0.0153,7,210,268,485,457.169,69,2009
26263,Erie Insurance Company,0.0165,1,11,16,28,60.425,70,2009
22055,GEICO Indemnity Company,0.0198,12,131,205,348,605.301,71,2009
10914,Kemper Independence Insurance Company,0.0209,1,6,11,18,47.891,72,2009
14834,New York Central Mutual Fire Insurance Company,0.022,5,44,103,152,227.552,73,2009
15130,Encompass Indemnity Company,0.025,1,7,5,13,40.028,74,2009
25674,Travelers Property Casualty Company of America,0.0284,6,24,51,81,210.945,75,2009
10071,Encompass Insurance Company of America,0.0328,1,3,11,15,30.472,76,2009
40169,Metropolitan Casualty Insurance Company,0.0337,5,10,31,46,148.53,77,2009
16322,Progressive Direct Insurance Company,0.034,4,19,52,75,117.569,78,2009
25909,Unitrin Preferred Insurance Company,0.0354,1,2,6,9,28.214,79,2009
10212,Allmerica Financial Alliance Insurance Company,0.0373,2,5,8,15,53.64,80,2009
42919,Progressive Northwestern Insurance Company,0.0401,2,2,12,16,49.883,81,2009
25453,Nationwide Insurance Company of America,0.0406,3,3,10,16,73.873,82,2009
34339,Metropolitan Group Property and Casualty Insurance Company,0.0413,3,5,21,29,72.689,83,2009
25682,Travelers Indemnity Company of Connecticut,0.0426,1,2,1,4,23.468,84,2009
32786,Progressive Specialty Insurance Company,0.0444,1,0,7,8,22.534,85,2009
23035,Liberty Mutual Fire Insurance Company,0.0457,21,75,135,231,459.786,86,2009
29068,IDS Property Casualty Insurance Company,0.0473,1,3,1,5,21.141,87,2009
17230,Allstate Property and Casualty Insurance Company,0.051,25,14,55,94,490.044,88,2009
25941,United Services Automobile Association,0.053,5,12,24,41,94.419,89,2009
41483,Farmington Casualty Company,0.0544,1,8,9,18,18.38,90,2009
29939,Main Street America Assurance Company,0.0546,2,2,1,5,36.622,91,2009
16063,Unitrin Auto and Home Insurance Company,0.057,2,6,8,16,35.07,92,2009
33588,First Liberty Insurance Corporation,0.0605,1,3,8,12,16.537,93,2009
25178,State Farm Mutual Automobile Insurance Company,0.0623,60,298,252,610,962.945,94,2009
37834,Progressive Preferred Insurance Company,0.0631,9,14,48,71,142.531,95,2009
25143,State Farm Fire and Casualty Company,0.0675,10,18,50,78,148.124,96,2009
23779,Nationwide Mutual Fire Insurance Company,0.0707,2,6,17,25,28.282,97,2009
11000,"Sentinel Insurance Company, Ltd.",0.0719,5,8,15,28,69.495,98,2009
25968,USAA Casualty Insurance Company,0.0732,6,8,18,32,81.938,99,2009
43974,21st Century Indemnity Insurance Company,0.0779,2,8,27,37,25.673,100,2009
11037,Eveready Insurance Company,0.0804,1,5,19,25,12.441,101,2009
37257,Praetorian Insurance Company,0.081,2,16,19,37,24.694,102,2009
21261,Electric Insurance Company,0.0861,1,0,11,12,11.613,103,2009
22357,Hartford Accident and Indemnity Company,0.0866,1,6,8,15,11.548,104,2009
38288,Hartford Insurance Company of Illinois,0.09,7,8,22,37,77.784,105,2009
24279,Progressive Max Insurance Company,0.0911,1,3,2,6,10.977,106,2009
15024,Preferred Mutual Insurance Company,0.0948,5,9,23,37,52.749,107,2009
10072,Encompass Property and Casualty Company,0.1021,1,1,2,4,9.797,108,2009
37478,Hartford Insurance Company of the Midwest,0.1045,4,1,12,17,38.287,109,2009
11105,A. Central Insurance Company,0.1065,5,18,26,49,46.936,110,2009
19682,Hartford Fire Insurance Company,0.1083,1,0,3,4,9.235,111,2009
43478,Utica National Insurance Company of Texas,0.1215,1,0,1,2,8.231,112,2009
25275,State-Wide Insurance Company,0.1224,4,13,24,41,32.667,113,2009
27998,Travelers Home and Marine Insurance Company,0.1264,15,13,15,43,118.665,114,2009
10921,ACA Insurance Company,0.1286,1,2,5,8,7.773,115,2009
19070,Standard Fire Insurance Company,0.1356,1,2,2,5,7.377,116,2009
19062,"Automobile Insurance Company of Hartford, Connecticut",0.1366,4,3,0,7,29.286,117,2009
19429,Insurance Company of the State of Pennsylvania,0.1405,4,7,10,21,28.477,118,2009
19232,Allstate Insurance Company,0.1418,180,318,525,1023,1269.438,119,2009
19704,American States Insurance Company,0.1521,1,1,5,7,6.575,120,2009
24260,Progressive Casualty Insurance Company,0.1523,2,16,52,70,13.133,121,2009
20133,Response Worldwide Direct Auto Insurance Company,0.1539,1,1,3,5,6.497,122,2009
24198,Peerless Insurance Company,0.1593,10,8,17,35,62.781,123,2009
26085,Warner Insurance Company,0.16,2,3,9,14,12.503,124,2009
43044,Response Insurance Company,0.16,1,4,5,10,6.251,125,2009
11908,Mercury Casualty Company,0.1626,5,9,15,29,30.748,126,2009
13803,Farm Family Casualty Insurance Company,0.1693,4,3,6,13,23.623,127,2009
33855,Lincoln General Insurance Company,0.1746,8,29,83,120,45.809,128,2009
14788,NGM Insurance Company,0.1757,3,5,8,16,17.076,129,2009
26298,Metropolitan Property and Casualty Insurance Company,0.1916,1,1,2,4,5.22,130,2009
10881,Unitrin Advantage Insurance Company,0.1982,1,0,7,8,5.045,131,2009
34789,21st Century Centennial Insurance Company,0.1988,2,0,10,12,10.058,132,2009
25712,Esurance Insurance Company,0.2033,12,20,56,88,59.012,133,2009
21709,Truck Insurance Exchange,0.2078,6,5,9,20,28.879,134,2009
25232,21st Century Advantage Insurance Company,0.2089,5,3,16,24,23.94,135,2009
21253,Garrison Property and Casualty Insurance Company,0.2207,1,0,2,3,4.53,136,2009
23469,American Modern Home Insurance Company,0.2315,2,2,5,9,8.64,137,2009
23760,Nationwide General Insurance Company,0.2316,7,12,34,53,30.221,138,2009
34690,Property and Casualty Insurance Company of Hartford,0.2521,1,0,1,2,3.967,139,2009
14311,Interboro Insurance Company,0.2658,2,8,6,16,7.524,140,2009
11215,SAFECO Insurance Company of Indiana,0.2781,3,0,4,7,10.787,141,2009
34460,AutoOne Insurance Company,0.2788,14,21,63,98,50.214,142,2009
10645,Drivers Insurance Company,0.2993,1,4,3,8,3.341,143,2009
10806,Farmers New Century Insurance Company,0.3087,6,9,10,25,19.437,144,2009
10839,Country-Wide Insurance Company,0.3111,24,107,227,358,77.15,145,2009
21164,Dairyland Insurance Company,0.318,1,2,3,6,3.145,146,2009
12360,Ocean Harbor Casualty Insurance Company,0.3209,2,3,14,19,6.233,147,2009
19380,American Home Assurance Company,0.3449,1,0,3,4,2.899,148,2009
21873,Fireman's Fund Insurance Company,0.3897,1,0,2,3,2.566,149,2009
20281,Federal Insurance Company,0.3966,1,3,2,6,2.521,150,2009
34479,AutoOne Select Insurance Company,0.4037,8,7,16,31,19.818,151,2009
35637,Landmark Insurance Company,0.4429,1,0,0,1,2.258,152,2009
39217,QBE Insurance Corporation,0.4792,7,4,23,34,14.608,153,2009
25658,Travelers Indemnity Company,0.4865,5,12,32,49,10.277,154,2009
29742,Integon National Insurance Company,0.4966,1,1,3,5,2.014,155,2009
23060,Tri-State Consumer Insurance Company,0.4972,9,20,31,60,18.103,156,2009
41491,GEICO Casualty Company,0.6248,1,0,28,29,1.6,157,2009
10226,Unitrin Direct Insurance Company,0.772,8,9,16,33,10.362,158,2009
23841,New Hampshire Insurance Company,0.832,7,1,5,13,8.414,159,2009
29424,Hartford Casualty Insurance Company,0.9063,2,1,9,12,2.207,160,2009
12963,21st Century Insurance Company,1.1588,2,2,15,19,1.726,161,2009
24821,Meritplan Insurance Company,1.1592,1,0,2,3,0.863,162,2009
19240,Allstate Indemnity Company,1.1722,12,9,22,43,10.237,163,2009
31968,Merastar Insurance Company,1.2187,1,0,1,2,0.821,164,2009
37648,Permanent General Assurance Corporation,1.2642,3,0,6,9,2.373,165,2009
36161,Travelers Property Casualty Insurance Company,1.525,5,6,16,27,3.279,166,2009
25976,Utica Mutual Insurance Company,1.6667,7,4,14,25,4.2,167,2009
22292,Hanover Insurance Company,1.6956,4,3,14,21,2.359,168,2009
24759,Safeco National Insurance Company,1.697,1,0,1,2,0.589,169,2009
19399,AIU Insurance Company,1.7051,3,2,6,11,1.759,170,2009
22268,Infinity Insurance Company,2.1129,5,0,7,12,2.366,171,2009
12599,Infinity Standard Insurance Company,2.3089,2,0,2,4,0.866,172,2009
27120,Trumbull Insurance Company,2.7234,1,1,3,5,0.367,173,2009
19402,Chartis Property Casualty Company,3.3663,2,1,7,10,0.594,174,2009
10243,National Continental Insurance Company,6.9407,1,3,3,7,0.144,175,2009
25054,Hudson Insurance Company,8.9173,3,0,2,5,0.336,176,2009
22667,ACE American Insurance Company,12.5881,1,0,3,4,0.079,177,2009
23809,Granite State Insurance Company,14.2471,1,0,0,1,0.07,178,2009
10982,Long Island Insurance Company,25.886,265,17,73,355,10.237,179,2009
16535,Zurich American Insurance Company,36.5845,1,0,1,2,0.027,180,2009
42889,Victoria Fire & Casualty Company,152.9403,1,1,1,3,0.007,181,2009
