Company Name,Ratio,Upheld Complaints,Question of Fact Complaints,Not Upheld Complaints,Total Complaints,Premiums Written (in Millions),Rank,Filing Year,Upheld Complaints Ratio
Nationwide Insurance Company of America,0.0,0,9,4,13,65.335,3,2016,0.0
Preferred Mutual Insurance Company,0.0,0,3,2,5,62.505,4,2016,0.0
Chubb National Insurance Company,0.0,0,1,2,3,46.735,5,2016,0.0
Utica National Insurance Company of Texas,0.0,0,4,4,8,43.693,6,2016,0.0
Erie Insurance Company of New York,0.0,0,5,2,7,35.072,7,2016,0.0
Progressive Northwestern Insurance Company,0.0,0,0,4,4,32.511,8,2016,0.0
Maidstone Insurance Company,0.0,0,4,11,15,30.867,9,2016,0.0
Travelers Personal Security Insurance Company,0.0,0,1,0,1,30.397,10,2016,0.0
Esurance Insurance Company,0.0,0,4,9,13,29.776,11,2016,0.0
Integon National Insurance Company,0.0,0,0,5,5,26.249,12,2016,0.0
Encompass Home and Auto Insurance Company,0.0,0,1,3,4,23.911,13,2016,0.0
Esurance Property and Casualty Insurance Company,0.0,0,3,7,10,23.263,14,2016,0.0
Farm Family Casualty Insurance Company,0.0,0,0,1,1,22.796,15,2016,0.0
Bankers Standard Insurance Company,0.0,0,0,0,0,20.956,16,2016,0.0
"Foremost Insurance Company Grand Rapids, Michigan",0.0,0,2,6,8,19.667,17,2016,0.0
Travelers Commercial Insurance Company,0.0,0,1,2,3,18.093,18,2016,0.0
Great Northern Insurance Company,0.0,0,0,0,0,17.419,19,2016,0.0
Essentia Insurance Company,0.0,0,0,0,0,16.934,20,2016,0.0
Merchants Preferred Insurance Company,0.0,0,3,0,3,16.023,21,2016,0.0
21st Century National Insurance Company,0.0,0,1,2,3,15.572,22,2016,0.0
Hartford Insurance Company of the Midwest,0.0,0,0,3,3,15.374,23,2016,0.0
21st Century North America Insurance Company,0.0,0,0,2,2,14.056,24,2016,0.0
Allstate Indemnity Company,0.0,0,5,4,9,14.044,25,2016,0.0
Privilege Underwriters Reciprocal Exchange,0.0,0,0,0,0,14.028,26,2016,0.0
Main Street America Assurance Company,0.0,0,0,1,1,12.493,27,2016,0.0
21st Century Centennial Insurance Company,0.0,0,1,3,4,11.733,28,2016,0.0
Economy Premier Assurance Company,0.0,0,1,1,2,11.331,29,2016,0.0
Phoenix Insurance Company,0.0,0,0,0,0,11.177,30,2016,0.0
Unitrin Direct Insurance Company,0.0,0,0,1,1,11.008,31,2016,0.0
Unitrin Auto and Home Insurance Company,0.0,0,0,1,1,10.772,32,2016,0.0
CSAA General Insurance Company,0.0,0,1,2,3,9.918,33,2016,0.0
Electric Insurance Company,0.0,0,0,0,0,9.881,34,2016,0.0
Encompass Insurance Company of America,0.0,0,1,4,5,9.421,35,2016,0.0
"State National Insurance Company, Inc.",0.0,0,0,2,2,9.399,36,2016,0.0
Chubb Indemnity Insurance Company,0.0,0,0,0,0,9.336,37,2016,0.0
"Sentinel Insurance Company, Ltd.",0.0,0,1,1,2,9.141,38,2016,0.0
Utica Mutual Insurance Company,0.0,0,2,0,2,8.919,39,2016,0.0
"Automobile Insurance Company of Hartford, Connecticut",0.0,0,0,1,1,8.253,40,2016,0.0
Harleysville Insurance Company,0.0,0,0,0,0,8.193,41,2016,0.0
TravCo Insurance Company,0.0,0,0,0,0,7.647,42,2016,0.0
NGM Insurance Company,0.0,0,0,1,1,7.589,43,2016,0.0
Encompass Indemnity Company,0.0,0,0,1,1,7.493,44,2016,0.0
Republic-Franklin Insurance Company,0.0,0,0,0,0,7.094,45,2016,0.0
Interboro Insurance Company,0.0,0,3,5,8,6.635,46,2016,0.0
Cincinnati Insurance Company,0.0,0,0,3,3,6.365,47,2016,0.0
Countryway Insurance Company,0.0,0,0,0,0,6.259,48,2016,0.0
Travelers Indemnity Company of Connecticut,0.0,0,1,2,3,6.217,49,2016,0.0
American Modern Home Insurance Company,0.0,0,0,4,4,5.416,50,2016,0.0
Amica Property and Casualty Insurance Company,0.0,0,0,0,0,5.323,51,2016,0.0
Charter Oak Fire Insurance Company,0.0,0,1,0,1,4.405,52,2016,0.0
Nationwide Assurance Company,0.0,0,0,1,1,4.19,53,2016,0.0
21st Century Indemnity Insurance Company,0.0,0,2,0,2,4.109,54,2016,0.0
Victoria Automobile Insurance Company,0.0,0,0,3,3,3.764,55,2016,0.0
Farmers New Century Insurance Company,0.0,0,1,1,2,3.613,56,2016,0.0
Pacific Employers Insurance Company,0.0,0,0,0,0,3.384,57,2016,0.0
National General Insurance Company,0.0,0,0,0,0,3.106,58,2016,0.0
21st Century Premier Insurance Company,0.0,0,0,1,1,3.019,59,2016,0.0
Sterling Insurance Company,0.0,0,0,0,0,2.979,60,2016,0.0
Integon Casualty Insurance Company,0.0,0,0,1,1,2.89,61,2016,0.0
Liberty Insurance Corporation,0.0,0,2,1,3,2.843,62,2016,0.0
Citizens Insurance Company of America,0.0,0,0,1,1,2.841,63,2016,0.0
Vigilant Insurance Company,0.0,0,0,0,0,2.77,64,2016,0.0
Truck Insurance Exchange,0.0,0,0,0,0,2.749,65,2016,0.0
Farmington Casualty Company,0.0,0,1,0,1,2.643,66,2016,0.0
Blue Ridge Indemnity Company,0.0,0,0,0,0,2.616,67,2016,0.0
Hartford Accident and Indemnity Company,0.0,0,0,0,0,2.55,68,2016,0.0
Insurance Company of the State of Pennsylvania,0.0,0,0,0,0,2.546,69,2016,0.0
American Automobile Insurance Company,0.0,0,0,0,0,2.433,70,2016,0.0
Dairyland Insurance Company,0.0,0,1,3,4,2.425,71,2016,0.0
Travelers Indemnity Company,0.0,0,2,3,5,2.403,72,2016,0.0
Hartford Fire Insurance Company,0.0,0,0,0,0,2.392,73,2016,0.0
Foremost Signature Insurance Company,0.0,0,0,0,0,2.087,74,2016,0.0
Associated Indemnity Corporation,0.0,0,0,0,0,1.945,75,2016,0.0
Ironshore Indemnity Inc.,0.0,0,0,0,0,1.833,76,2016,0.0
Standard Fire Insurance Company,0.0,0,0,0,0,1.805,77,2016,0.0
Travelers Casualty Company of Connecticut,0.0,0,0,0,0,1.798,78,2016,0.0
Massachusetts Bay Insurance Company,0.0,0,0,0,0,1.741,79,2016,0.0
American Family Home Insurance Company,0.0,0,0,0,0,1.719,80,2016,0.0
Property and Casualty Insurance Company of Hartford,0.0,0,0,0,0,1.618,81,2016,0.0
Permanent General Assurance Corporation,0.0,0,0,0,0,1.584,82,2016,0.0
American Reliable Insurance Company,0.0,0,0,0,0,1.416,83,2016,0.0
Harleysville Preferred Insurance Company,0.0,0,0,0,0,1.407,84,2016,0.0
GEICO Casualty Company,0.0,0,4,5,9,1.364,85,2016,0.0
SAFECO Insurance Company of America,0.0,0,0,1,1,1.358,86,2016,0.0
QBE Insurance Corporation,0.0,0,1,0,1,1.238,87,2016,0.0
Federal Insurance Company,0.0,0,0,0,0,1.199,88,2016,0.0
Nationwide Mutual Fire Insurance Company,0.0,0,0,0,0,1.048,89,2016,0.0
Metropolitan Casualty Insurance Company,0.0141,1,0,6,7,71.166,98,2016,0.14285714285714285
"National General Insurance Online, Inc.",0.0157,1,2,13,16,63.744,100,2016,0.0625
Hartford Underwriters Insurance Company,0.0164,1,4,21,26,60.881,102,2016,0.038461538461538464
Allmerica Financial Alliance Insurance Company,0.0166,1,3,4,8,60.228,103,2016,0.125
Hartford Casualty Insurance Company,0.0214,1,1,10,12,46.658,109,2016,0.08333333333333333
Mid-Century Insurance Company,0.0274,1,3,8,12,36.431,112,2016,0.08333333333333333
Erie Insurance Company,0.0276,2,5,13,20,72.475,113,2016,0.1
Adirondack Insurance Exchange,0.0278,2,6,8,16,72.034,114,2016,0.125
Kemper Independence Insurance Company,0.0353,2,6,5,13,56.63,118,2016,0.15384615384615385
Garrison Property and Casualty Insurance Company,0.0354,2,7,11,20,56.532,119,2016,0.1
A. Central Insurance Company,0.0355,1,3,3,7,28.149,120,2016,0.14285714285714285
Ameriprise Insurance Company,0.0367,1,5,9,15,27.276,121,2016,0.06666666666666667
Nationwide Mutual Insurance Company,0.0372,3,5,8,16,80.644,122,2016,0.1875
USAA General Indemnity Company,0.0381,3,5,15,23,78.813,123,2016,0.13043478260869565
MAPFRE Insurance Company of New York,0.0396,2,1,7,10,50.529,125,2016,0.2
First Liberty Insurance Corporation,0.0565,1,4,0,5,17.7,126,2016,0.2
Mercury Casualty Company,0.0567,2,10,17,29,35.293,127,2016,0.06896551724137931
Hartford Insurance Company of Illinois,0.0568,2,2,9,13,35.237,128,2016,0.15384615384615385
Travelers Property Casualty Company of America,0.057,3,3,8,14,52.669,129,2016,0.21428571428571427
New South Insurance Company,0.0572,2,4,8,14,34.955,130,2016,0.14285714285714285
Old Dominion Insurance Company,0.062,2,2,3,7,32.264,131,2016,0.2857142857142857
LM Insurance Corporation,0.0627,1,2,7,10,15.956,132,2016,0.1
Metropolitan Property and Casualty Insurance Company,0.0683,1,0,1,2,14.642,133,2016,0.5
Progressive Direct Insurance Company,0.0756,1,6,8,15,13.219,134,2016,0.06666666666666667
National Liability & Fire Insurance Company,0.0797,2,9,6,17,25.1,135,2016,0.11764705882352941
SAFECO Insurance Company of Indiana,0.0839,3,4,2,9,35.774,136,2016,0.3333333333333333
Unitrin Preferred Insurance Company,0.0986,1,1,0,2,10.139,137,2016,0.5
American Bankers Insurance Company of Florida,0.143,1,0,1,2,6.995,138,2016,0.5
Tri-State Consumer Insurance Company,0.1439,2,4,25,31,13.899,139,2016,0.06451612903225806
21st Century Advantage Insurance Company,0.1508,1,0,0,1,6.633,140,2016,1.0
Titan Indemnity Company,0.1642,1,2,3,6,6.089,141,2016,0.16666666666666666
National General Assurance Company,0.1769,1,0,0,1,5.651,142,2016,1.0
Central Mutual Insurance Company,0.1837,1,0,0,1,5.443,144,2016,1.0
AIG Property Casualty Company,0.1919,5,1,5,11,26.058,145,2016,0.45454545454545453
IDS Property Casualty Insurance Company,0.2534,3,2,4,9,11.837,146,2016,0.3333333333333333
Nationwide Insurance Company of America,0.0,0,9,4,13,65.335,3,2015,0.0
Preferred Mutual Insurance Company,0.0,0,3,2,5,62.505,4,2015,0.0
Chubb National Insurance Company,0.0,0,1,2,3,46.735,5,2015,0.0
Utica National Insurance Company of Texas,0.0,0,4,4,8,43.693,6,2015,0.0
Erie Insurance Company of New York,0.0,0,5,2,7,35.072,7,2015,0.0
Progressive Northwestern Insurance Company,0.0,0,0,4,4,32.511,8,2015,0.0
Maidstone Insurance Company,0.0,0,4,11,15,30.867,9,2015,0.0
Travelers Personal Security Insurance Company,0.0,0,1,0,1,30.397,10,2015,0.0
Esurance Insurance Company,0.0,0,4,9,13,29.776,11,2015,0.0
Integon National Insurance Company,0.0,0,0,5,5,26.249,12,2015,0.0
Encompass Home and Auto Insurance Company,0.0,0,1,3,4,23.911,13,2015,0.0
Esurance Property and Casualty Insurance Company,0.0,0,3,7,10,23.263,14,2015,0.0
Farm Family Casualty Insurance Company,0.0,0,0,1,1,22.796,15,2015,0.0
Bankers Standard Insurance Company,0.0,0,0,0,0,20.956,16,2015,0.0
"Foremost Insurance Company Grand Rapids, Michigan",0.0,0,2,6,8,19.667,17,2015,0.0
Travelers Commercial Insurance Company,0.0,0,1,2,3,18.093,18,2015,0.0
Great Northern Insurance Company,0.0,0,0,0,0,17.419,19,2015,0.0
Essentia Insurance Company,0.0,0,0,0,0,16.934,20,2015,0.0
Merchants Preferred Insurance Company,0.0,0,3,0,3,16.023,21,2015,0.0
21st Century National Insurance Company,0.0,0,1,2,3,15.572,22,2015,0.0
Hartford Insurance Company of the Midwest,0.0,0,0,3,3,15.374,23,2015,0.0
21st Century North America Insurance Company,0.0,0,0,2,2,14.056,24,2015,0.0
Allstate Indemnity Company,0.0,0,5,4,9,14.044,25,2015,0.0
Privilege Underwriters Reciprocal Exchange,0.0,0,0,0,0,14.028,26,2015,0.0
Main Street America Assurance Company,0.0,0,0,1,1,12.493,27,2015,0.0
21st Century Centennial Insurance Company,0.0,0,1,3,4,11.733,28,2015,0.0
Economy Premier Assurance Company,0.0,0,1,1,2,11.331,29,2015,0.0
Phoenix Insurance Company,0.0,0,0,0,0,11.177,30,2015,0.0
Unitrin Direct Insurance Company,0.0,0,0,1,1,11.008,31,2015,0.0
Unitrin Auto and Home Insurance Company,0.0,0,0,1,1,10.772,32,2015,0.0
CSAA General Insurance Company,0.0,0,1,2,3,9.918,33,2015,0.0
Electric Insurance Company,0.0,0,0,0,0,9.881,34,2015,0.0
Encompass Insurance Company of America,0.0,0,1,4,5,9.421,35,2015,0.0
"State National Insurance Company, Inc.",0.0,0,0,2,2,9.399,36,2015,0.0
Chubb Indemnity Insurance Company,0.0,0,0,0,0,9.336,37,2015,0.0
"Sentinel Insurance Company, Ltd.",0.0,0,1,1,2,9.141,38,2015,0.0
Utica Mutual Insurance Company,0.0,0,2,0,2,8.919,39,2015,0.0
"Automobile Insurance Company of Hartford, Connecticut",0.0,0,0,1,1,8.253,40,2015,0.0
Harleysville Insurance Company,0.0,0,0,0,0,8.193,41,2015,0.0
TravCo Insurance Company,0.0,0,0,0,0,7.647,42,2015,0.0
NGM Insurance Company,0.0,0,0,1,1,7.589,43,2015,0.0
Encompass Indemnity Company,0.0,0,0,1,1,7.493,44,2015,0.0
Republic-Franklin Insurance Company,0.0,0,0,0,0,7.094,45,2015,0.0
Interboro Insurance Company,0.0,0,3,5,8,6.635,46,2015,0.0
Cincinnati Insurance Company,0.0,0,0,3,3,6.365,47,2015,0.0
Countryway Insurance Company,0.0,0,0,0,0,6.259,48,2015,0.0
Travelers Indemnity Company of Connecticut,0.0,0,1,2,3,6.217,49,2015,0.0
American Modern Home Insurance Company,0.0,0,0,4,4,5.416,50,2015,0.0
Amica Property and Casualty Insurance Company,0.0,0,0,0,0,5.323,51,2015,0.0
Charter Oak Fire Insurance Company,0.0,0,1,0,1,4.405,52,2015,0.0
Nationwide Assurance Company,0.0,0,0,1,1,4.19,53,2015,0.0
21st Century Indemnity Insurance Company,0.0,0,2,0,2,4.109,54,2015,0.0
Victoria Automobile Insurance Company,0.0,0,0,3,3,3.764,55,2015,0.0
Farmers New Century Insurance Company,0.0,0,1,1,2,3.613,56,2015,0.0
Pacific Employers Insurance Company,0.0,0,0,0,0,3.384,57,2015,0.0
National General Insurance Company,0.0,0,0,0,0,3.106,58,2015,0.0
21st Century Premier Insurance Company,0.0,0,0,1,1,3.019,59,2015,0.0
Sterling Insurance Company,0.0,0,0,0,0,2.979,60,2015,0.0
Integon Casualty Insurance Company,0.0,0,0,1,1,2.89,61,2015,0.0
Liberty Insurance Corporation,0.0,0,2,1,3,2.843,62,2015,0.0
Citizens Insurance Company of America,0.0,0,0,1,1,2.841,63,2015,0.0
Vigilant Insurance Company,0.0,0,0,0,0,2.77,64,2015,0.0
Truck Insurance Exchange,0.0,0,0,0,0,2.749,65,2015,0.0
Farmington Casualty Company,0.0,0,1,0,1,2.643,66,2015,0.0
Blue Ridge Indemnity Company,0.0,0,0,0,0,2.616,67,2015,0.0
Hartford Accident and Indemnity Company,0.0,0,0,0,0,2.55,68,2015,0.0
Insurance Company of the State of Pennsylvania,0.0,0,0,0,0,2.546,69,2015,0.0
American Automobile Insurance Company,0.0,0,0,0,0,2.433,70,2015,0.0
Dairyland Insurance Company,0.0,0,1,3,4,2.425,71,2015,0.0
Travelers Indemnity Company,0.0,0,2,3,5,2.403,72,2015,0.0
Hartford Fire Insurance Company,0.0,0,0,0,0,2.392,73,2015,0.0
Foremost Signature Insurance Company,0.0,0,0,0,0,2.087,74,2015,0.0
Associated Indemnity Corporation,0.0,0,0,0,0,1.945,75,2015,0.0
Ironshore Indemnity Inc.,0.0,0,0,0,0,1.833,76,2015,0.0
Standard Fire Insurance Company,0.0,0,0,0,0,1.805,77,2015,0.0
Travelers Casualty Company of Connecticut,0.0,0,0,0,0,1.798,78,2015,0.0
Massachusetts Bay Insurance Company,0.0,0,0,0,0,1.741,79,2015,0.0
American Family Home Insurance Company,0.0,0,0,0,0,1.719,80,2015,0.0
Property and Casualty Insurance Company of Hartford,0.0,0,0,0,0,1.618,81,2015,0.0
Permanent General Assurance Corporation,0.0,0,0,0,0,1.584,82,2015,0.0
American Reliable Insurance Company,0.0,0,0,0,0,1.416,83,2015,0.0
Harleysville Preferred Insurance Company,0.0,0,0,0,0,1.407,84,2015,0.0
GEICO Casualty Company,0.0,0,4,5,9,1.364,85,2015,0.0
SAFECO Insurance Company of America,0.0,0,0,1,1,1.358,86,2015,0.0
QBE Insurance Corporation,0.0,0,1,0,1,1.238,87,2015,0.0
Federal Insurance Company,0.0,0,0,0,0,1.199,88,2015,0.0
Nationwide Mutual Fire Insurance Company,0.0,0,0,0,0,1.048,89,2015,0.0
Metropolitan Casualty Insurance Company,0.0141,1,0,6,7,71.166,98,2015,0.14285714285714285
"National General Insurance Online, Inc.",0.0157,1,2,13,16,63.744,100,2015,0.0625
Hartford Underwriters Insurance Company,0.0164,1,4,21,26,60.881,102,2015,0.038461538461538464
Allmerica Financial Alliance Insurance Company,0.0166,1,3,4,8,60.228,103,2015,0.125
Hartford Casualty Insurance Company,0.0214,1,1,10,12,46.658,109,2015,0.08333333333333333
Mid-Century Insurance Company,0.0274,1,3,8,12,36.431,112,2015,0.08333333333333333
Erie Insurance Company,0.0276,2,5,13,20,72.475,113,2015,0.1
Adirondack Insurance Exchange,0.0278,2,6,8,16,72.034,114,2015,0.125
Kemper Independence Insurance Company,0.0353,2,6,5,13,56.63,118,2015,0.15384615384615385
Garrison Property and Casualty Insurance Company,0.0354,2,7,11,20,56.532,119,2015,0.1
A. Central Insurance Company,0.0355,1,3,3,7,28.149,120,2015,0.14285714285714285
Ameriprise Insurance Company,0.0367,1,5,9,15,27.276,121,2015,0.06666666666666667
Nationwide Mutual Insurance Company,0.0372,3,5,8,16,80.644,122,2015,0.1875
USAA General Indemnity Company,0.0381,3,5,15,23,78.813,123,2015,0.13043478260869565
MAPFRE Insurance Company of New York,0.0396,2,1,7,10,50.529,125,2015,0.2
First Liberty Insurance Corporation,0.0565,1,4,0,5,17.7,126,2015,0.2
Mercury Casualty Company,0.0567,2,10,17,29,35.293,127,2015,0.06896551724137931
Hartford Insurance Company of Illinois,0.0568,2,2,9,13,35.237,128,2015,0.15384615384615385
Travelers Property Casualty Company of America,0.057,3,3,8,14,52.669,129,2015,0.21428571428571427
New South Insurance Company,0.0572,2,4,8,14,34.955,130,2015,0.14285714285714285
Old Dominion Insurance Company,0.062,2,2,3,7,32.264,131,2015,0.2857142857142857
LM Insurance Corporation,0.0627,1,2,7,10,15.956,132,2015,0.1
Metropolitan Property and Casualty Insurance Company,0.0683,1,0,1,2,14.642,133,2015,0.5
Progressive Direct Insurance Company,0.0756,1,6,8,15,13.219,134,2015,0.06666666666666667
National Liability & Fire Insurance Company,0.0797,2,9,6,17,25.1,135,2015,0.11764705882352941
SAFECO Insurance Company of Indiana,0.0839,3,4,2,9,35.774,136,2015,0.3333333333333333
Unitrin Preferred Insurance Company,0.0986,1,1,0,2,10.139,137,2015,0.5
American Bankers Insurance Company of Florida,0.143,1,0,1,2,6.995,138,2015,0.5
Tri-State Consumer Insurance Company,0.1439,2,4,25,31,13.899,139,2015,0.06451612903225806
21st Century Advantage Insurance Company,0.1508,1,0,0,1,6.633,140,2015,1.0
Titan Indemnity Company,0.1642,1,2,3,6,6.089,141,2015,0.16666666666666666
National General Assurance Company,0.1769,1,0,0,1,5.651,142,2015,1.0
Central Mutual Insurance Company,0.1837,1,0,0,1,5.443,144,2015,1.0
AIG Property Casualty Company,0.1919,5,1,5,11,26.058,145,2015,0.45454545454545453
IDS Property Casualty Insurance Company,0.2534,3,2,4,9,11.837,146,2015,0.3333333333333333
Progressive Max Insurance Company,0.0,0,8,21,29,70.055,1,2014,0.0
Allmerica Financial Alliance Insurance Company,0.0,0,0,9,9,47.319,2,2014,0.0
Chubb National Insurance Company,0.0,0,0,1,1,37.431,3,2014,0.0
Travelers Commercial Insurance Company,0.0,0,0,5,5,27.99,4,2014,0.0
"Foremost Insurance Company Grand Rapids, Michigan",0.0,0,2,8,10,23.589,5,2014,0.0
Encompass Home and Auto Insurance Company,0.0,0,2,2,4,22.545,6,2014,0.0
Progressive Northern Insurance Company,0.0,0,3,2,5,21.823,7,2014,0.0
Bankers Standard Insurance Company,0.0,0,0,0,0,21.683,8,2014,0.0
Great Northern Insurance Company,0.0,0,0,0,0,20.432,9,2014,0.0
"National General Insurance Online, Inc.",0.0,0,1,3,4,17.221,10,2014,0.0
Erie Insurance Company of New York,0.0,0,4,3,7,16.837,11,2014,0.0
Main Street America Assurance Company,0.0,0,0,7,7,16.761,12,2014,0.0
Travelers Personal Insurance Company,0.0,0,0,0,0,16.253,13,2014,0.0
Essentia Insurance Company,0.0,0,0,2,2,14.573,14,2014,0.0
Economy Premier Assurance Company,0.0,0,0,0,0,13.632,15,2014,0.0
LM Insurance Corporation,0.0,0,1,1,2,12.655,16,2014,0.0
Encompass Insurance Company of America,0.0,0,0,4,4,12.27,17,2014,0.0
"Automobile Insurance Company of Hartford, Connecticut",0.0,0,0,0,0,11.961,18,2014,0.0
Chubb Indemnity Insurance Company,0.0,0,1,0,1,11.814,19,2014,0.0
21st Century Advantage Insurance Company,0.0,0,3,7,10,11.422,20,2014,0.0
TravCo Insurance Company,0.0,0,0,1,1,11.362,21,2014,0.0
Encompass Indemnity Company,0.0,0,2,1,3,10.969,22,2014,0.0
Unitrin Direct Insurance Company,0.0,0,3,1,4,10.836,23,2014,0.0
Electric Insurance Company,0.0,0,0,4,4,9.612,24,2014,0.0
Travelers Indemnity Company of Connecticut,0.0,0,1,2,3,9.472,25,2014,0.0
Maidstone Insurance Company,0.0,0,1,4,5,9.312,26,2014,0.0
Maidstone Insurance Company,0.0,0,1,4,5,9.312,26,2014,0.0
Privilege Underwriters Reciprocal Exchange,0.0,0,0,1,1,9.086,27,2014,0.0
Integon Casualty Insurance Company,0.0,0,1,4,5,7.116,28,2014,0.0
National General Assurance Company,0.0,0,1,6,7,6.793,29,2014,0.0
Progressive Preferred Insurance Company,0.0,0,4,1,5,6.765,30,2014,0.0
American Bankers Insurance Company of Florida,0.0,0,0,1,1,6.549,31,2014,0.0
Charter Oak Fire Insurance Company,0.0,0,0,0,0,6.548,32,2014,0.0
Nationwide Property and Casualty Insurance Company,0.0,0,0,0,0,6.367,33,2014,0.0
21st Century Indemnity Insurance Company,0.0,0,2,3,5,6.339,34,2014,0.0
Countryway Insurance Company,0.0,0,1,0,1,5.937,35,2014,0.0
Central Mutual Insurance Company,0.0,0,0,0,0,5.807,36,2014,0.0
American Automobile Insurance Company,0.0,0,0,0,0,5.389,37,2014,0.0
Truck Insurance Exchange,0.0,0,0,0,0,4.976,38,2014,0.0
Mid-Century Insurance Company,0.0,0,0,2,2,4.602,39,2014,0.0
Encompass Property and Casualty Company,0.0,0,1,0,1,4.551,40,2014,0.0
21st Century Premier Insurance Company,0.0,0,0,4,4,4.262,41,2014,0.0
Associated Indemnity Corporation,0.0,0,0,0,0,3.935,42,2014,0.0
Nationwide Assurance Company,0.0,0,0,1,1,3.896,43,2014,0.0
Travelers Personal Security Insurance Company,0.0,0,0,0,0,3.88,44,2014,0.0
Unitrin Advantage Insurance Company,0.0,0,2,4,6,3.835,45,2014,0.0
Vigilant Insurance Company,0.0,0,0,0,0,3.481,46,2014,0.0
Victoria Fire & Casualty Company,0.0,0,1,4,5,3.265,47,2014,0.0
National General Insurance Company,0.0,0,1,0,1,3.092,48,2014,0.0
Blue Ridge Indemnity Company,0.0,0,0,1,1,2.974,49,2014,0.0
Massachusetts Bay Insurance Company,0.0,0,1,2,3,2.91,50,2014,0.0
Sterling Insurance Company,0.0,0,0,0,0,2.757,51,2014,0.0
Integon National Insurance Company,0.0,0,0,2,2,2.741,52,2014,0.0
Standard Fire Insurance Company,0.0,0,0,1,1,2.731,53,2014,0.0
Cincinnati Insurance Company,0.0,0,0,1,1,2.637,54,2014,0.0
Travelers Casualty Company of Connecticut,0.0,0,0,0,0,2.589,55,2014,0.0
Dairyland Insurance Company,0.0,0,1,0,1,2.386,56,2014,0.0
Foremost Signature Insurance Company,0.0,0,1,2,3,2.35,57,2014,0.0
Trumbull Insurance Company,0.0,0,1,1,2,2.327,58,2014,0.0
American Family Home Insurance Company,0.0,0,0,1,1,2.137,59,2014,0.0
CSAA General Insurance Company,0.0,0,0,0,0,2.116,60,2014,0.0
Property and Casualty Insurance Company of Hartford,0.0,0,1,0,1,1.94,61,2014,0.0
Harleysville Preferred Insurance Company,0.0,0,1,1,2,1.876,62,2014,0.0
National Surety Corporation,0.0,0,0,0,0,1.821,63,2014,0.0
Harleysville Insurance Company of New York,0.0,0,0,0,0,1.548,64,2014,0.0
GEICO Casualty Company,0.0,0,24,47,71,1.456,65,2014,0.0
Federal Insurance Company,0.0,0,0,0,0,1.436,66,2014,0.0
American Reliable Insurance Company,0.0,0,1,1,2,1.413,67,2014,0.0
Response Worldwide Direct Auto Insurance Company,0.0,0,0,0,0,1.333,68,2014,0.0
Fireman's Fund Insurance Company,0.0,0,0,1,1,1.166,69,2014,0.0
21st Century Preferred Insurance Company,0.0,0,1,0,1,1.095,70,2014,0.0
Harleysville Insurance Company,0.0,0,0,0,0,1.067,71,2014,0.0
Hartford Casualty Insurance Company,0.0159,1,6,12,19,62.792,76,2014,0.05263157894736842
Preferred Mutual Insurance Company,0.016,1,15,9,25,62.514,77,2014,0.04
Travelers Property Casualty Company of America,0.0252,2,4,6,12,79.26,83,2014,0.16666666666666666
Utica National Insurance Company of Texas,0.0272,1,3,3,7,36.742,85,2014,0.14285714285714285
Old Dominion Insurance Company,0.0292,1,3,5,9,34.237,86,2014,0.1111111111111111
Progressive Northwestern Insurance Company,0.0298,1,3,5,9,33.519,87,2014,0.1111111111111111
Kemper Independence Insurance Company,0.0325,2,5,15,22,61.508,89,2014,0.09090909090909091
National Liability & Fire Insurance Company,0.039,2,22,25,49,51.301,91,2014,0.04081632653061224
Merchants Preferred Insurance Company,0.04,1,6,5,12,25.009,92,2014,0.08333333333333333
Erie Insurance Company,0.0405,3,4,13,20,74.103,93,2014,0.15
21st Century National Insurance Company,0.046,1,6,8,15,21.737,97,2014,0.06666666666666667
21st Century Centennial Insurance Company,0.0505,1,1,5,7,19.795,99,2014,0.14285714285714285
Adirondack Insurance Exchange,0.0514,4,4,12,20,77.762,100,2014,0.2
Hartford Underwriters Insurance Company,0.0573,3,4,18,25,52.341,102,2014,0.12
Phoenix Insurance Company,0.0591,1,0,1,2,16.92,103,2014,0.5
"Sentinel Insurance Company, Ltd.",0.0598,1,3,3,7,16.73,104,2014,0.14285714285714285
MAPFRE Insurance Company of New York,0.0632,3,6,10,19,47.442,105,2014,0.15789473684210525
Unitrin Auto and Home Insurance Company,0.064,1,1,0,2,15.633,106,2014,0.5
Hartford Insurance Company of Illinois,0.0644,3,8,8,19,46.602,107,2014,0.15789473684210525
Esurance Property and Casualty Insurance Company,0.0655,1,1,7,9,15.276,108,2014,0.1111111111111111
IDS Property Casualty Insurance Company,0.0712,1,6,9,16,14.038,111,2014,0.0625
American States Insurance Company,0.0737,6,8,9,23,81.406,113,2014,0.2608695652173913
Farm Family Casualty Insurance Company,0.0879,2,4,6,12,22.765,117,2014,0.16666666666666666
Hartford Insurance Company of the Midwest,0.0989,2,1,4,7,20.219,118,2014,0.2857142857142857
21st Century Security Insurance Company,0.1057,1,4,8,13,9.458,119,2014,0.07692307692307693
Ameriprise Insurance Company,0.1061,3,5,19,27,28.288,120,2014,0.1111111111111111
USAA General Indemnity Company,0.1069,6,14,16,36,56.145,121,2014,0.16666666666666666
Garrison Property and Casualty Insurance Company,0.1105,5,6,14,25,45.23,122,2014,0.2
NGM Insurance Company,0.1119,1,1,2,4,8.939,123,2014,0.25
Republic-Franklin Insurance Company,0.1183,1,0,0,1,8.452,124,2014,1.0
First Liberty Insurance Corporation,0.1261,3,3,7,13,23.795,125,2014,0.23076923076923078
A. Central Insurance Company,0.131,4,14,20,38,30.523,126,2014,0.10526315789473684
Tri-State Consumer Insurance Company,0.1354,2,5,27,34,14.774,128,2014,0.058823529411764705
SAFECO Insurance Company of Indiana,0.1358,6,1,12,19,44.18,129,2014,0.3157894736842105
Maidstone Insurance Company,0.1376,1,7,13,21,7.265,130,2014,0.047619047619047616
Metropolitan Property and Casualty Insurance Company,0.1385,1,1,1,3,7.22,131,2014,0.3333333333333333
Interboro Insurance Company,0.1389,1,1,8,10,7.198,132,2014,0.1
Esurance Insurance Company,0.1463,5,4,14,23,34.184,133,2014,0.21739130434782608
Unitrin Preferred Insurance Company,0.1479,2,0,1,3,13.524,134,2014,0.6666666666666666
Mercury Casualty Company,0.1542,7,24,16,47,45.394,135,2014,0.14893617021276595
21st Century North America Insurance Company,0.1558,3,6,6,15,19.253,136,2014,0.2
Utica Mutual Insurance Company,0.1566,1,0,1,2,6.388,137,2014,0.5
American Modern Home Insurance Company,0.16,1,0,5,6,6.25,138,2014,0.16666666666666666
Titan Indemnity Company,0.1639,1,0,2,3,6.1,139,2014,0.3333333333333333
AIG Property Casualty Company,0.1711,4,0,3,7,23.385,140,2014,0.5714285714285714
Victoria Automobile Insurance Company,0.1867,1,2,1,4,5.357,141,2014,0.25
Farmington Casualty Company,0.1879,2,0,8,10,10.644,142,2014,0.2
Progressive Direct Insurance Company,0.2062,4,9,20,33,19.399,143,2014,0.12121212121212122
Citizens Insurance Company of America,0.2235,1,0,1,2,4.474,144,2014,0.5
LM General Insurance Company,0.0,0,6,3,9,73.566,1,2013,0.0
Erie Insurance Company,0.0,0,0,6,6,73.112,2,2013,0.0
A. Central Insurance Company,0.0,0,9,14,23,42.694,3,2013,0.0
Old Dominion Insurance Company,0.0,0,1,4,5,35.315,4,2013,0.0
Utica National Insurance Company of Texas,0.0,0,2,3,5,32.385,5,2013,0.0
Chubb National Insurance Company,0.0,0,0,0,0,31.337,6,2013,0.0
Travelers Commercial Insurance Company,0.0,0,2,2,4,28.653,7,2013,0.0
Farm Family Casualty Insurance Company,0.0,0,2,5,7,23.612,8,2013,0.0
"Sentinel Insurance Company, Ltd.",0.0,0,2,2,4,23.212,9,2013,0.0
Progressive Preferred Insurance Company,0.0,0,1,5,6,22.63,10,2013,0.0
Great Northern Insurance Company,0.0,0,1,1,2,22.286,11,2013,0.0
Bankers Standard Insurance Company,0.0,0,0,1,1,21.239,12,2013,0.0
21st Century National Insurance Company,0.0,0,1,5,6,19.739,13,2013,0.0
Main Street America Assurance Company,0.0,0,2,0,2,19.539,14,2013,0.0
Phoenix Insurance Company,0.0,0,0,3,3,19.53,15,2013,0.0
Encompass Home and Auto Insurance Company,0.0,0,1,0,1,19.379,16,2013,0.0
21st Century Advantage Insurance Company,0.0,0,0,5,5,15.364,17,2013,0.0
Economy Premier Assurance Company,0.0,0,0,0,0,14.788,18,2013,0.0
Essentia Insurance Company,0.0,0,0,0,0,14.006,19,2013,0.0
Encompass Insurance Company of America,0.0,0,4,4,8,13.661,20,2013,0.0
"Automobile Insurance Company of Hartford, Connecticut",0.0,0,0,0,0,13.638,21,2013,0.0
Chubb Indemnity Insurance Company,0.0,0,1,2,3,13.339,22,2013,0.0
TravCo Insurance Company,0.0,0,0,0,0,13.107,23,2013,0.0
21st Century Security Insurance Company,0.0,0,2,3,5,11.952,24,2013,0.0
Travelers Indemnity Company of Connecticut,0.0,0,0,1,1,10.923,25,2013,0.0
Electric Insurance Company,0.0,0,0,1,1,9.574,26,2013,0.0
Republic-Franklin Insurance Company,0.0,0,0,0,0,9.026,27,2013,0.0
21st Century Indemnity Insurance Company,0.0,0,4,2,6,7.936,28,2013,0.0
Liberty Insurance Corporation,0.0,0,0,1,1,7.749,29,2013,0.0
LM Insurance Corporation,0.0,0,0,1,1,7.723,30,2013,0.0
Charter Oak Fire Insurance Company,0.0,0,0,0,0,7.517,31,2013,0.0
National General Assurance Company,0.0,0,1,0,1,7.447,32,2013,0.0
Nationwide Property and Casualty Insurance Company,0.0,0,1,0,1,7.21,33,2013,0.0
Privilege Underwriters Reciprocal Exchange,0.0,0,0,0,0,7.122,34,2013,0.0
Truck Insurance Exchange,0.0,0,1,1,2,7.063,35,2013,0.0
Esurance Property and Casualty Insurance Company,0.0,0,1,4,5,7.003,36,2013,0.0
Farmers New Century Insurance Company,0.0,0,1,2,3,6.964,37,2013,0.0
American Modern Home Insurance Company,0.0,0,1,1,2,6.213,38,2013,0.0
Maidstone Insurance Company,0.0,0,0,2,2,5.958,39,2013,0.0
American Bankers Insurance Company of Florida,0.0,0,0,3,3,5.871,40,2013,0.0
Erie Insurance Company of New York,0.0,0,2,2,4,5.745,41,2013,0.0
Central Mutual Insurance Company,0.0,0,0,0,0,5.671,42,2013,0.0
Citizens Insurance Company of America,0.0,0,1,1,2,5.589,43,2013,0.0
Interboro Insurance Company,0.0,0,1,8,9,5.325,44,2013,0.0
Titan Indemnity Company,0.0,0,0,4,4,5.276,45,2013,0.0
Countryway Insurance Company,0.0,0,0,1,1,5.13,46,2013,0.0
American Automobile Insurance Company,0.0,0,0,0,0,5.103,47,2013,0.0
Encompass Property and Casualty Company,0.0,0,0,0,0,4.958,48,2013,0.0
Unitrin Advantage Insurance Company,0.0,0,1,1,2,4.822,49,2013,0.0
Unitrin Direct Insurance Company,0.0,0,0,0,0,4.688,50,2013,0.0
Metropolitan Property and Casualty Insurance Company,0.0,0,0,2,2,4.502,51,2013,0.0
Associated Indemnity Corporation,0.0,0,0,0,0,4.171,52,2013,0.0
Integon Casualty Insurance Company,0.0,0,0,0,0,4.1,53,2013,0.0
Vigilant Insurance Company,0.0,0,0,1,1,3.849,54,2013,0.0
Response Worldwide Direct Auto Insurance Company,0.0,0,1,0,1,3.769,55,2013,0.0
Massachusetts Bay Insurance Company,0.0,0,0,1,1,3.746,56,2013,0.0
Victoria Automobile Insurance Company,0.0,0,0,0,0,3.452,57,2013,0.0
Drivers Insurance Company,0.0,0,0,4,4,3.286,58,2013,0.0
Nationwide Mutual Fire Insurance Company,0.0,0,0,7,7,3.264,59,2013,0.0
Nationwide Assurance Company,0.0,0,0,1,1,3.243,60,2013,0.0
Blue Ridge Indemnity Company,0.0,0,0,0,0,3.21,61,2013,0.0
Standard Fire Insurance Company,0.0,0,0,0,0,3.163,62,2013,0.0
Travelers Casualty Company of Connecticut,0.0,0,0,1,1,2.949,63,2013,0.0
Philadelphia Indemnity Insurance Company,0.0,0,1,1,2,2.888,64,2013,0.0
Foremost Signature Insurance Company,0.0,0,0,1,1,2.744,65,2013,0.0
Response Worldwide Insurance Company,0.0,0,2,0,2,2.736,66,2013,0.0
Sterling Insurance Company,0.0,0,0,0,0,2.629,67,2013,0.0
Response Insurance Company,0.0,0,0,0,0,2.545,68,2013,0.0
Dairyland Insurance Company,0.0,0,2,1,3,2.32,69,2013,0.0
Property and Casualty Insurance Company of Hartford,0.0,0,0,1,1,2.161,70,2013,0.0
Kemper Financial Indemnity Company,0.0,0,1,1,2,2.008,71,2013,0.0
Harleysville Insurance Company of New York,0.0,0,0,0,0,1.944,72,2013,0.0
Ironshore Indemnity Inc.,0.0,0,0,0,0,1.785,73,2013,0.0
National Surety Corporation,0.0,0,0,0,0,1.705,74,2013,0.0
Harleysville Preferred Insurance Company,0.0,0,0,0,0,1.628,75,2013,0.0
Federal Insurance Company,0.0,0,0,0,0,1.572,76,2013,0.0
American Reliable Insurance Company,0.0,0,0,0,0,1.556,77,2013,0.0
Victoria Fire & Casualty Company,0.0,0,0,1,1,1.556,78,2013,0.0
Travelers Indemnity Company of America,0.0,0,0,0,0,1.499,79,2013,0.0
Ocean Harbor Casualty Insurance Company,0.0,0,1,6,7,1.376,80,2013,0.0
Fireman's Fund Insurance Company,0.0,0,0,1,1,1.252,81,2013,0.0
Praetorian Insurance Company,0.0,0,0,0,0,1.232,82,2013,0.0
Integon Preferred Insurance Company,0.0,0,0,0,0,1.192,83,2013,0.0
Pacific Indemnity Company,0.0,0,0,0,0,1.058,84,2013,0.0
Kemper Independence Insurance Company,0.0152,1,5,9,15,65.827,91,2013,0.06666666666666667
Progressive Northern Insurance Company,0.0156,1,4,11,16,64.284,92,2013,0.0625
Allmerica Financial Alliance Insurance Company,0.022,1,3,3,7,45.4,99,2013,0.14285714285714285
Adirondack Insurance Exchange,0.0262,2,8,10,20,76.406,101,2013,0.1
Progressive Northwestern Insurance Company,0.0266,1,1,6,8,37.656,102,2013,0.125
Esurance Insurance Company,0.0296,1,5,16,22,33.741,104,2013,0.045454545454545456
Hartford Casualty Insurance Company,0.0321,2,1,7,10,62.286,107,2013,0.2
Ameriprise Insurance Company,0.0405,1,5,16,22,24.67,111,2013,0.045454545454545456
Hartford Underwriters Insurance Company,0.042,2,2,12,16,47.58,112,2013,0.125
Hartford Insurance Company of the Midwest,0.0435,1,0,5,6,22.968,113,2013,0.16666666666666666
Preferred Mutual Insurance Company,0.0485,3,22,12,37,61.879,114,2013,0.08108108108108109
Nationwide Affinity Insurance Company of America,0.0513,4,4,11,19,77.961,116,2013,0.21052631578947367
Hartford Insurance Company of Illinois,0.057,3,8,9,20,52.65,117,2013,0.15
Unitrin Preferred Insurance Company,0.0649,1,1,2,4,15.406,118,2013,0.25
Merchants Preferred Insurance Company,0.0707,2,3,6,11,28.298,119,2013,0.18181818181818182
Progressive Max Insurance Company,0.072,4,2,6,12,55.575,121,2013,0.3333333333333333
National Liability & Fire Insurance Company,0.0726,3,12,19,34,41.348,122,2013,0.08823529411764706
First Liberty Insurance Corporation,0.073,2,5,4,11,27.395,123,2013,0.18181818181818182
AutoOne Insurance Company,0.076,1,1,9,11,13.164,124,2013,0.09090909090909091
Encompass Indemnity Company,0.0787,1,1,0,2,12.708,125,2013,0.5
Nationwide General Insurance Company,0.0798,1,2,15,18,12.525,127,2013,0.05555555555555555
"Foremost Insurance Company Grand Rapids, Michigan",0.0817,2,5,4,11,24.494,128,2013,0.18181818181818182
Farmington Casualty Company,0.0853,2,1,7,10,23.443,129,2013,0.2
SAFECO Insurance Company of Indiana,0.0863,2,0,0,2,23.188,130,2013,1.0
21st Century North America Insurance Company,0.0915,2,3,5,10,21.87,131,2013,0.2
AIG Property Casualty Company,0.0918,2,0,0,2,21.795,132,2013,1.0
NGM Insurance Company,0.0952,1,2,1,4,10.502,133,2013,0.25
Mercury Casualty Company,0.1001,4,4,14,22,39.942,134,2013,0.18181818181818182
Progressive Direct Insurance Company,0.1071,4,3,21,28,37.353,135,2013,0.14285714285714285
Unitrin Auto and Home Insurance Company,0.1086,2,0,3,5,18.41,136,2013,0.4
MAPFRE Insurance Company of New York,0.1198,5,2,6,13,41.72,138,2013,0.38461538461538464
IDS Property Casualty Insurance Company,0.1298,2,3,5,10,15.403,139,2013,0.2
Tri-State Consumer Insurance Company,0.131,2,7,33,42,15.262,140,2013,0.047619047619047616
Garrison Property and Casualty Insurance Company,0.132,5,1,5,11,37.884,141,2013,0.45454545454545453
21st Century Centennial Insurance Company,0.1479,2,3,5,10,13.526,142,2013,0.2
American States Insurance Company,0.1512,10,4,10,24,66.122,143,2013,0.4166666666666667
Utica Mutual Insurance Company,0.1646,1,1,6,8,6.077,144,2013,0.125
Allstate Indemnity Company,0.1802,1,1,3,5,5.551,145,2013,0.2
USAA General Indemnity Company,0.1973,8,3,11,22,40.545,146,2013,0.36363636363636365
21st Century Premier Insurance Company,0.2008,1,1,0,2,4.979,147,2013,0.5
Hartford Accident and Indemnity Company,0.2144,1,2,1,4,4.664,148,2013,0.25
Travelers Indemnity Company,0.2159,1,1,3,5,4.632,149,2013,0.2
Warner Insurance Company,0.2166,1,0,0,1,4.618,150,2013,1.0
CSAA Fire & Casualty Insurance Company,0.2239,3,1,6,10,13.401,151,2013,0.3
Peerless Insurance Company,0.2399,9,9,10,28,37.51,152,2013,0.32142857142857145
Erie Insurance Company,0.0,0,6,8,14,70.219,2,2012,0.0
Allmerica Financial Alliance Insurance Company,0.0,0,2,5,7,44.371,3,2012,0.0
Progressive Northwestern Insurance Company,0.0,0,2,6,8,41.146,4,2012,0.0
Old Dominion Insurance Company,0.0,0,1,2,3,32.641,5,2012,0.0
"Sentinel Insurance Company, Ltd.",0.0,0,2,3,5,32.365,6,2012,0.0
Merchants Preferred Insurance Company,0.0,0,5,5,10,28.718,7,2012,0.0
First Liberty Insurance Corporation,0.0,0,2,3,5,28.009,8,2012,0.0
Travelers Commercial Insurance Company,0.0,0,3,2,5,26.112,9,2012,0.0
Great Northern Insurance Company,0.0,0,0,0,0,24.841,10,2012,0.0
21st Century North America Insurance Company,0.0,0,2,2,4,24.52,11,2012,0.0
Chubb National Insurance Company,0.0,0,0,1,1,24.117,12,2012,0.0
Main Street America Assurance Company,0.0,0,3,3,6,22.941,13,2012,0.0
Farmington Casualty Company,0.0,0,3,3,6,21.781,14,2012,0.0
Unitrin Auto and Home Insurance Company,0.0,0,3,4,7,21.203,15,2012,0.0
Bankers Standard Insurance Company,0.0,0,1,1,2,20.538,16,2012,0.0
Ameriprise Insurance Company,0.0,0,1,7,8,18.518,17,2012,0.0
LM General Insurance Company,0.0,0,0,0,0,17.806,18,2012,0.0
Unitrin Preferred Insurance Company,0.0,0,0,3,3,17.489,19,2012,0.0
IDS Property Casualty Insurance Company,0.0,0,1,2,3,16.848,20,2012,0.0
Economy Premier Assurance Company,0.0,0,0,1,1,16.038,21,2012,0.0
Encompass Insurance Company of America,0.0,0,4,0,4,15.994,22,2012,0.0
"Automobile Insurance Company of Hartford, Connecticut",0.0,0,0,2,2,15.794,23,2012,0.0
TravCo Insurance Company,0.0,0,0,1,1,15.235,24,2012,0.0
Chubb Indemnity Insurance Company,0.0,0,1,2,3,15.102,25,2012,0.0
Essentia Insurance Company,0.0,0,0,2,2,13.289,26,2012,0.0
CSAA Fire & Casualty Insurance Company,0.0,0,5,0,5,12.762,27,2012,0.0
Travelers Indemnity Company of Connecticut,0.0,0,0,3,3,12.626,28,2012,0.0
21st Century Indemnity Insurance Company,0.0,0,1,1,2,10.009,29,2012,0.0
Republic-Franklin Insurance Company,0.0,0,2,1,3,9.363,30,2012,0.0
Commerce and Industry Insurance Company,0.0,0,2,2,4,9.298,31,2012,0.0
Farmers New Century Insurance Company,0.0,0,2,1,3,9.106,32,2012,0.0
21st Century National Insurance Company,0.0,0,0,2,2,8.897,33,2012,0.0
Charter Oak Fire Insurance Company,0.0,0,1,2,3,8.715,34,2012,0.0
Warner Insurance Company,0.0,0,1,0,1,7.154,35,2012,0.0
Nationwide Property and Casualty Insurance Company,0.0,0,0,1,1,7.106,36,2012,0.0
21st Century Security Insurance Company,0.0,0,0,2,2,7.047,37,2012,0.0
Citizens Insurance Company of America,0.0,0,0,1,1,6.869,38,2012,0.0
American Modern Home Insurance Company,0.0,0,0,2,2,6.501,39,2012,0.0
Utica Mutual Insurance Company,0.0,0,1,2,3,6.118,40,2012,0.0
Privilege Underwriters Reciprocal Exchange,0.0,0,0,0,0,5.698,41,2012,0.0
Encompass Property and Casualty Company,0.0,0,1,2,3,5.599,42,2012,0.0
Central Mutual Insurance Company,0.0,0,0,0,0,5.446,43,2012,0.0
Nationwide Mutual Fire Insurance Company,0.0,0,4,4,8,5.383,44,2012,0.0
Response Worldwide Direct Auto Insurance Company,0.0,0,0,2,2,5.197,45,2012,0.0
Hartford Fire Insurance Company,0.0,0,0,5,5,4.687,46,2012,0.0
Massachusetts Bay Insurance Company,0.0,0,1,1,2,4.671,47,2012,0.0
American Automobile Insurance Company,0.0,0,0,1,1,4.607,48,2012,0.0
Foremost Signature Insurance Company,0.0,0,1,1,2,4.557,49,2012,0.0
Associated Indemnity Corporation,0.0,0,0,0,0,4.507,50,2012,0.0
Response Worldwide Insurance Company,0.0,0,0,0,0,4.311,51,2012,0.0
Vigilant Insurance Company,0.0,0,0,0,0,4.307,52,2012,0.0
National General Insurance Company,0.0,0,0,0,0,4.247,53,2012,0.0
Titan Indemnity Company,0.0,0,0,3,3,4.141,54,2012,0.0
Standard Fire Insurance Company,0.0,0,0,0,0,3.729,55,2012,0.0
Blue Ridge Indemnity Company,0.0,0,0,0,0,3.504,56,2012,0.0
Travelers Casualty Company of Connecticut,0.0,0,0,1,1,3.386,57,2012,0.0
Trumbull Insurance Company,0.0,0,0,1,1,3.33,58,2012,0.0
Drivers Insurance Company,0.0,0,0,0,0,3.165,59,2012,0.0
Unitrin Direct Insurance Company,0.0,0,1,3,4,3.098,60,2012,0.0
Metropolitan Property and Casualty Insurance Company,0.0,0,0,0,0,3.084,61,2012,0.0
Kemper Financial Indemnity Company,0.0,0,0,0,0,3.043,62,2012,0.0
American Family Home Insurance Company,0.0,0,0,0,0,2.845,63,2012,0.0
Philadelphia Indemnity Insurance Company,0.0,0,1,2,3,2.705,64,2012,0.0
Sterling Insurance Company,0.0,0,0,0,0,2.441,65,2012,0.0
Property and Casualty Insurance Company of Hartford,0.0,0,1,2,3,2.367,66,2012,0.0
Maidstone Insurance Company,0.0,0,0,0,0,2.336,67,2012,0.0
Harleysville Insurance Company of New York,0.0,0,0,0,0,2.332,68,2012,0.0
LM Insurance Corporation,0.0,0,1,0,1,2.253,69,2012,0.0
Nationwide Assurance Company,0.0,0,0,1,1,2.144,70,2012,0.0
Travelers Property Casualty Insurance Company,0.0,0,3,5,8,1.87,71,2012,0.0
National Surety Corporation,0.0,0,1,0,1,1.706,72,2012,0.0
Federal Insurance Company,0.0,0,1,2,3,1.701,73,2012,0.0
Esurance Property and Casualty Insurance Company,0.0,0,0,2,2,1.679,74,2012,0.0
Integon Preferred Insurance Company,0.0,0,0,0,0,1.47,75,2012,0.0
GEICO Casualty Company,0.0,0,8,13,21,1.433,76,2012,0.0
21st Century Preferred Insurance Company,0.0,0,0,1,1,1.424,77,2012,0.0
Fireman's Fund Insurance Company,0.0,0,0,0,0,1.412,78,2012,0.0
American Reliable Insurance Company,0.0,0,0,1,1,1.3,79,2012,0.0
Victoria Automobile Insurance Company,0.0,0,0,0,0,1.197,80,2012,0.0
Pacific Indemnity Company,0.0,0,0,0,0,1.124,81,2012,0.0
Unitrin Direct Property & Casualty Company,0.0,0,2,1,3,1.098,82,2012,0.0
Harleysville Preferred Insurance Company,0.0,0,0,0,0,1.053,83,2012,0.0
USAA Casualty Insurance Company,0.013,1,11,22,34,77.033,92,2012,0.029411764705882353
Kemper Independence Insurance Company,0.016,1,3,9,13,62.623,95,2012,0.07692307692307693
Progressive Direct Insurance Company,0.0184,1,12,17,30,54.252,97,2012,0.03333333333333333
Allstate Fire and Casualty Insurance Company,0.0194,1,1,6,8,51.549,98,2012,0.125
Progressive Max Insurance Company,0.0213,1,2,6,9,46.989,100,2012,0.1111111111111111
Nationwide Affinity Insurance Company of America,0.0235,1,6,7,14,42.548,101,2012,0.07142857142857142
Progressive Preferred Insurance Company,0.0264,1,2,6,9,37.863,103,2012,0.1111111111111111
Adirondack Insurance Exchange,0.0274,2,7,8,17,73.04,105,2012,0.11764705882352941
Mercury Casualty Company,0.0283,1,5,18,24,35.348,107,2012,0.041666666666666664
Utica National Insurance Company of Texas,0.0336,1,5,2,8,29.727,109,2012,0.125
Preferred Mutual Insurance Company,0.0338,2,4,11,17,59.157,110,2012,0.11764705882352941
MAPFRE Insurance Company of New York,0.0342,1,0,5,6,29.266,111,2012,0.16666666666666666
A. Central Insurance Company,0.0371,2,17,27,46,53.907,112,2012,0.043478260869565216
Hartford Insurance Company of the Midwest,0.0387,1,1,4,6,25.834,113,2012,0.16666666666666666
Hartford Casualty Insurance Company,0.0392,2,3,7,12,51.041,114,2012,0.16666666666666666
"Foremost Insurance Company Grand Rapids, Michigan",0.0397,1,2,12,15,25.181,115,2012,0.06666666666666667
Farm Family Casualty Insurance Company,0.0421,1,2,2,5,23.749,117,2012,0.2
Phoenix Insurance Company,0.0442,1,0,2,3,22.611,119,2012,0.3333333333333333
National Liability & Fire Insurance Company,0.0489,3,13,28,44,61.342,122,2012,0.06818181818181818
21st Century Advantage Insurance Company,0.0511,1,2,11,14,19.568,123,2012,0.07142857142857142
Eveready Insurance Company,0.0524,1,5,22,28,19.09,124,2012,0.03571428571428571
American States Insurance Company,0.0619,3,3,11,17,48.469,125,2012,0.17647058823529413
Encompass Home and Auto Insurance Company,0.067,1,1,1,3,14.928,126,2012,0.3333333333333333
Garrison Property and Casualty Insurance Company,0.0718,2,2,11,15,27.864,127,2012,0.13333333333333333
Hartford Underwriters Insurance Company,0.0768,3,3,9,15,39.064,128,2012,0.2
Hartford Insurance Company of Illinois,0.0851,5,7,21,33,58.737,129,2012,0.15151515151515152
AutoOne Insurance Company,0.0871,2,6,13,21,22.966,130,2012,0.09523809523809523
AIG Property Casualty Company,0.0923,1,0,0,1,10.84,131,2012,1.0
Liberty Insurance Corporation,0.0949,1,2,1,4,10.533,132,2012,0.25
Nationwide General Insurance Company,0.096,2,7,18,27,20.834,133,2012,0.07407407407407407
21st Century Centennial Insurance Company,0.1,1,2,5,8,10.002,134,2012,0.125
Esurance Insurance Company,0.1016,4,3,11,18,39.353,135,2012,0.2222222222222222
Electric Insurance Company,0.102,1,0,1,2,9.803,136,2012,0.5
Peerless Insurance Company,0.1148,8,3,11,22,69.677,138,2012,0.36363636363636365
Interboro Insurance Company,0.1189,1,1,9,11,8.411,139,2012,0.09090909090909091
Tri-State Consumer Insurance Company,0.1229,2,8,45,55,16.268,140,2012,0.03636363636363636
Encompass Indemnity Company,0.1324,2,1,2,5,15.101,141,2012,0.4
American Commerce Insurance Company,0.133,3,5,18,26,22.558,142,2012,0.11538461538461539
NGM Insurance Company,0.1666,2,3,4,9,12.005,143,2012,0.2222222222222222
21st Century Premier Insurance Company,0.1764,1,0,0,1,5.668,144,2012,1.0
Hartford Accident and Indemnity Company,0.1788,1,1,4,6,5.592,145,2012,0.16666666666666666
Unitrin Advantage Insurance Company,0.1802,1,2,3,6,5.548,146,2012,0.16666666666666666
American Bankers Insurance Company of Florida,0.1828,1,0,0,1,5.47,147,2012,1.0
Truck Insurance Exchange,0.1903,2,2,2,6,10.508,148,2012,0.3333333333333333
USAA General Indemnity Company,0.2078,6,6,11,23,28.881,149,2012,0.2608695652173913
Countryway Insurance Company,0.2416,1,1,0,2,4.139,150,2012,0.5
Kemper Independence Insurance Company,0.0,0,10,4,14,55.999,1,2011,0.0
Progressive Northwestern Insurance Company,0.0,0,3,4,7,43.555,2,2011,0.0
Great Northern Insurance Company,0.0,0,1,1,2,28.317,3,2011,0.0
Merchants Preferred Insurance Company,0.0,0,3,9,12,27.237,4,2011,0.0
Main Street America Assurance Company,0.0,0,2,6,8,27.202,5,2011,0.0
Unitrin Auto and Home Insurance Company,0.0,0,2,5,7,25.004,6,2011,0.0
Utica National Insurance Company of Texas,0.0,0,4,5,9,23.915,7,2011,0.0
Old Dominion Insurance Company,0.0,0,0,2,2,23.072,8,2011,0.0
Encompass Indemnity Company,0.0,0,3,3,6,20.229,9,2011,0.0
Unitrin Preferred Insurance Company,0.0,0,3,2,5,20.213,10,2011,0.0
Commerce and Industry Insurance Company,0.0,0,0,3,3,19.84,11,2011,0.0
Encompass Insurance Company of America,0.0,0,2,8,10,19.471,12,2011,0.0
"Automobile Insurance Company of Hartford, Connecticut",0.0,0,1,3,4,19.342,13,2011,0.0
TravCo Insurance Company,0.0,0,1,1,2,18.538,14,2011,0.0
"Foremost Insurance Company Grand Rapids, Michigan",0.0,0,1,6,7,18.442,15,2011,0.0
Economy Premier Assurance Company,0.0,0,3,0,3,17.655,16,2011,0.0
Bankers Standard Insurance Company,0.0,0,0,0,0,17.625,17,2011,0.0
Travelers Indemnity Company of Connecticut,0.0,0,2,6,8,15.475,18,2011,0.0
21st Century Indemnity Insurance Company,0.0,0,2,2,4,12.988,19,2011,0.0
Nationwide Affinity Insurance Company of America,0.0,0,2,1,3,11.736,20,2011,0.0
Ameriprise Insurance Company,0.0,0,2,1,3,10.949,21,2011,0.0
Charter Oak Fire Insurance Company,0.0,0,1,1,2,10.614,22,2011,0.0
Encompass Home and Auto Insurance Company,0.0,0,1,2,3,10.509,23,2011,0.0
Electric Insurance Company,0.0,0,0,2,2,10.422,24,2011,0.0
Nationwide Mutual Fire Insurance Company,0.0,0,4,5,9,10.358,25,2011,0.0
Republic-Franklin Insurance Company,0.0,0,0,1,1,10.231,26,2011,0.0
Citizens Insurance Company of America,0.0,0,0,0,0,8.296,27,2011,0.0
American Modern Home Insurance Company,0.0,0,0,0,0,7.334,28,2011,0.0
Hartford Accident and Indemnity Company,0.0,0,3,3,6,6.994,29,2011,0.0
Encompass Property and Casualty Company,0.0,0,0,0,0,6.741,30,2011,0.0
21st Century Premier Insurance Company,0.0,0,0,0,0,6.598,31,2011,0.0
Nationwide Property and Casualty Insurance Company,0.0,0,0,0,0,6.512,32,2011,0.0
Massachusetts Bay Insurance Company,0.0,0,1,0,1,5.786,33,2011,0.0
Unitrin Advantage Insurance Company,0.0,0,0,2,2,5.696,34,2011,0.0
Central Mutual Insurance Company,0.0,0,0,1,1,5.365,35,2011,0.0
Associated Indemnity Corporation,0.0,0,0,0,0,5.254,36,2011,0.0
Response Worldwide Insurance Company,0.0,0,1,1,2,5.171,37,2011,0.0
American Bankers Insurance Company of Florida,0.0,0,0,1,1,5.153,38,2011,0.0
National General Insurance Company,0.0,0,0,1,1,5.11,39,2011,0.0
Vigilant Insurance Company,0.0,0,0,2,2,4.924,40,2011,0.0
Standard Fire Insurance Company,0.0,0,0,0,0,4.623,41,2011,0.0
American Automobile Insurance Company,0.0,0,0,2,2,4.481,42,2011,0.0
Privilege Underwriters Reciprocal Exchange,0.0,0,0,0,0,4.467,43,2011,0.0
Response Insurance Company,0.0,0,0,0,0,4.301,44,2011,0.0
Blue Ridge Indemnity Company,0.0,0,2,0,2,3.84,45,2011,0.0
Foremost Signature Insurance Company,0.0,0,0,2,2,3.531,46,2011,0.0
Kemper Financial Indemnity Company,0.0,0,0,2,2,3.401,47,2011,0.0
American Family Home Insurance Company,0.0,0,0,0,0,3.124,48,2011,0.0
Harleysville Insurance Company of New York,0.0,0,0,0,0,2.767,49,2011,0.0
Property and Casualty Insurance Company of Hartford,0.0,0,1,0,1,2.733,50,2011,0.0
Philadelphia Indemnity Insurance Company,0.0,0,1,2,3,2.573,51,2011,0.0
Dairyland Insurance Company,0.0,0,2,0,2,2.445,52,2011,0.0
Integon National Insurance Company,0.0,0,0,1,1,2.258,53,2011,0.0
Maidstone Insurance Company,0.0,0,1,0,1,2.254,54,2011,0.0
Lincoln General Insurance Company,0.0,0,2,8,10,2.163,55,2011,0.0
Sterling Insurance Company,0.0,0,1,0,1,2.078,56,2011,0.0
GEICO Casualty Company,0.0,0,3,3,6,2.02,57,2011,0.0
Integon Preferred Insurance Company,0.0,0,0,0,0,1.885,58,2011,0.0
National Surety Corporation,0.0,0,0,0,0,1.879,59,2011,0.0
Fireman's Fund Insurance Company,0.0,0,0,0,0,1.682,60,2011,0.0
21st Century Preferred Insurance Company,0.0,0,0,0,0,1.617,61,2011,0.0
Trumbull Insurance Company,0.0,0,0,2,2,1.611,62,2011,0.0
Graphic Arts Mutual Insurance Company,0.0,0,0,0,0,1.581,63,2011,0.0
Utica National Assurance Company,0.0,0,0,0,0,1.43,64,2011,0.0
Nationwide Assurance Company,0.0,0,1,3,4,1.348,65,2011,0.0
Pacific Indemnity Company,0.0,0,0,0,0,1.251,66,2011,0.0
American Reliable Insurance Company,0.0,0,0,0,0,1.147,67,2011,0.0
Harleysville Worcester Insurance Company,0.0,0,0,0,0,1.004,68,2011,0.0
Progressive Preferred Insurance Company,0.0182,1,11,7,19,54.859,76,2011,0.05263157894736842
National Liability & Fire Insurance Company,0.0208,1,7,15,23,47.97,77,2011,0.043478260869565216
Metropolitan Group Property and Casualty Insurance Company,0.0251,2,5,8,15,79.576,80,2011,0.13333333333333333
Adirondack Insurance Exchange,0.0268,2,5,11,18,74.561,81,2011,0.1111111111111111
Nationwide General Insurance Company,0.0334,1,7,32,40,29.905,85,2011,0.025
American States Insurance Company,0.0339,1,2,9,12,29.47,86,2011,0.08333333333333333
Hartford Insurance Company of the Midwest,0.0342,1,1,7,9,29.212,87,2011,0.1111111111111111
Phoenix Insurance Company,0.0366,1,1,4,6,27.359,90,2011,0.16666666666666666
Farm Family Casualty Insurance Company,0.0431,1,6,6,13,23.199,93,2011,0.07692307692307693
"Sentinel Insurance Company, Ltd.",0.0436,2,3,11,16,45.899,94,2011,0.125
Travelers Commercial Insurance Company,0.0463,1,1,2,4,21.581,95,2011,0.25
Farmington Casualty Company,0.0478,1,1,6,8,20.907,96,2011,0.125
Eveready Insurance Company,0.0485,1,7,25,33,20.634,97,2011,0.030303030303030304
A. Central Insurance Company,0.0486,3,27,30,60,61.767,98,2011,0.05
Progressive Max Insurance Company,0.0491,2,1,6,9,40.771,99,2011,0.2222222222222222
21st Century Advantage Insurance Company,0.0511,1,1,8,10,19.562,100,2011,0.1
Preferred Mutual Insurance Company,0.0531,3,12,7,22,56.518,101,2011,0.13636363636363635
Progressive Advanced Insurance Company,0.0533,4,2,25,31,75.065,102,2011,0.12903225806451613
IDS Property Casualty Insurance Company,0.0548,1,4,5,10,18.263,103,2011,0.1
Chubb Indemnity Insurance Company,0.0576,1,0,1,2,17.362,104,2011,0.5
Progressive Direct Insurance Company,0.059,4,13,49,66,67.849,105,2011,0.06060606060606061
Hartford Insurance Company of Illinois,0.0607,4,6,22,32,65.846,106,2011,0.125
Chubb National Insurance Company,0.0625,1,0,3,4,16.004,107,2011,0.25
USAA Casualty Insurance Company,0.0647,5,6,19,30,77.319,109,2011,0.16666666666666666
Hartford Casualty Insurance Company,0.0656,2,1,7,10,30.478,110,2011,0.2
NGM Insurance Company,0.0741,1,5,5,11,13.488,112,2011,0.09090909090909091
Erie Insurance Company,0.0749,5,4,8,17,66.789,113,2011,0.29411764705882354
Hartford Underwriters Insurance Company,0.0789,2,0,2,4,25.353,114,2011,0.5
Peerless Insurance Company,0.0795,6,17,12,35,75.486,115,2011,0.17142857142857143
CSAA Fire & Casualty Insurance Company,0.0806,1,1,6,8,12.403,116,2011,0.125
Essentia Insurance Company,0.0812,1,1,0,2,12.315,117,2011,0.5
First Liberty Insurance Corporation,0.0814,2,4,5,11,24.56,118,2011,0.18181818181818182
Liberty Insurance Corporation,0.0817,1,1,2,4,12.234,119,2011,0.25
Farmers New Century Insurance Company,0.0853,1,1,6,8,11.717,120,2011,0.125
Mercury Casualty Company,0.0865,3,5,14,22,34.691,122,2011,0.13636363636363635
USAA General Indemnity Company,0.0906,2,4,8,14,22.085,123,2011,0.14285714285714285
Esurance Insurance Company,0.1019,5,9,30,44,49.068,125,2011,0.11363636363636363
21st Century North America Insurance Company,0.1027,3,4,8,15,29.2,126,2011,0.2
Warner Insurance Company,0.1101,1,1,4,6,9.08,127,2011,0.16666666666666666
Tri-State Consumer Insurance Company,0.1134,2,11,39,52,17.639,128,2011,0.038461538461538464
Garrison Property and Casualty Insurance Company,0.1226,2,3,6,11,16.307,129,2011,0.18181818181818182
MAPFRE Insurance Company of New York,0.1255,3,7,19,29,23.908,130,2011,0.10344827586206896
Travelers Indemnity Company,0.1476,1,4,23,28,6.774,131,2011,0.03571428571428571
Allmerica Financial Alliance Insurance Company,0.1538,7,9,3,19,45.506,132,2011,0.3684210526315789
AutoOne Insurance Company,0.1689,6,7,19,32,35.518,133,2011,0.1875
21st Century Centennial Insurance Company,0.1702,2,1,6,9,11.751,134,2011,0.2222222222222222
Response Worldwide Direct Auto Insurance Company,0.1712,1,1,2,4,5.842,135,2011,0.25
Truck Insurance Exchange,0.1746,3,5,5,13,17.181,136,2011,0.23076923076923078
Hartford Fire Insurance Company,0.1746,1,2,2,5,5.726,137,2011,0.2
SAFECO Insurance Company of Indiana,0.1862,1,1,1,3,5.371,138,2011,0.3333333333333333
Utica Mutual Insurance Company,0.1866,1,0,7,8,5.36,139,2011,0.125
American Commerce Insurance Company,0.2009,9,8,21,38,44.789,140,2011,0.23684210526315788
QBE Insurance Corporation,0.2184,4,22,34,60,18.318,141,2011,0.06666666666666667
Travelers Casualty Company of Connecticut,0.2455,1,0,0,1,4.073,142,2011,1.0
21st Century National Insurance Company,0.2607,1,1,1,3,3.836,143,2011,0.3333333333333333
Countryway Insurance Company,0.2637,1,0,2,3,3.793,144,2011,0.3333333333333333
Erie Insurance Company,0.0,0,3,15,18,64.096,1,2010,0.0
Kemper Independence Insurance Company,0.0,0,8,8,16,52.083,2,2010,0.0
Phoenix Insurance Company,0.0,0,1,5,6,34.032,3,2010,0.0
Great Northern Insurance Company,0.0,0,1,2,3,33.769,4,2010,0.0
Main Street America Assurance Company,0.0,0,2,5,7,32.562,5,2010,0.0
Commerce and Industry Insurance Company,0.0,0,0,6,6,21.788,6,2010,0.0
First Liberty Insurance Corporation,0.0,0,2,4,6,20.462,7,2010,0.0
Farmington Casualty Company,0.0,0,1,14,15,19.803,8,2010,0.0
IDS Property Casualty Insurance Company,0.0,0,1,1,2,19.802,9,2010,0.0
USAA General Indemnity Company,0.0,0,2,2,4,16.659,10,2010,0.0
Utica National Insurance Company of Texas,0.0,0,1,3,4,15.747,11,2010,0.0
Charter Oak Fire Insurance Company,0.0,0,3,1,4,13.334,12,2010,0.0
Bankers Standard Insurance Company,0.0,0,1,0,1,13.087,13,2010,0.0
Republic-Franklin Insurance Company,0.0,0,0,1,1,11.985,14,2010,0.0
"Foremost Insurance Company Grand Rapids, Michigan",0.0,0,2,2,4,11.64,15,2010,0.0
Essentia Insurance Company,0.0,0,0,1,1,11.609,16,2010,0.0
Old Dominion Insurance Company,0.0,0,0,0,0,10.78,17,2010,0.0
Hartford Accident and Indemnity Company,0.0,0,5,10,15,8.946,18,2010,0.0
Encompass Property and Casualty Company,0.0,0,0,1,1,8.111,19,2010,0.0
Insurance Company of the State of Pennsylvania,0.0,0,1,1,2,7.953,20,2010,0.0
Encompass Home and Auto Insurance Company,0.0,0,2,4,6,7.538,21,2010,0.0
Chubb National Insurance Company,0.0,0,0,1,1,7.03,22,2010,0.0
National Liability & Fire Insurance Company,0.0,0,2,5,7,6.743,23,2010,0.0
Associated Indemnity Corporation,0.0,0,0,1,1,6.397,24,2010,0.0
Response Worldwide Direct Auto Insurance Company,0.0,0,1,1,2,6.338,25,2010,0.0
National General Assurance Company,0.0,0,0,0,0,6.337,26,2010,0.0
AutoOne Select Insurance Company,0.0,0,1,5,6,6.326,27,2010,0.0
National General Insurance Company,0.0,0,1,3,4,6.16,28,2010,0.0
Response Worldwide Insurance Company,0.0,0,0,2,2,6.109,29,2010,0.0
Unitrin Advantage Insurance Company,0.0,0,1,4,5,5.946,30,2010,0.0
Standard Fire Insurance Company,0.0,0,0,2,2,5.856,31,2010,0.0
Vigilant Insurance Company,0.0,0,0,0,0,5.85,32,2010,0.0
Nationwide Property and Casualty Insurance Company,0.0,0,3,7,10,5.694,33,2010,0.0
Central Mutual Insurance Company,0.0,0,1,0,1,5.178,34,2010,0.0
Travelers Casualty Company of Connecticut,0.0,0,2,0,2,5.051,35,2010,0.0
Utica Mutual Insurance Company,0.0,0,1,7,8,4.919,36,2010,0.0
American Automobile Insurance Company,0.0,0,0,1,1,4.878,37,2010,0.0
American Bankers Insurance Company of Florida,0.0,0,0,3,3,4.677,38,2010,0.0
Ameriprise Insurance Company,0.0,0,0,1,1,4.599,39,2010,0.0
Blue Ridge Indemnity Company,0.0,0,0,0,0,4.211,40,2010,0.0
National Merit Insurance Company,0.0,0,1,3,4,3.867,41,2010,0.0
Countryway Insurance Company,0.0,0,1,2,3,3.697,42,2010,0.0
American Family Home Insurance Company,0.0,0,0,1,1,3.388,43,2010,0.0
Drivers Insurance Company,0.0,0,3,5,8,3.29,44,2010,0.0
Property and Casualty Insurance Company of Hartford,0.0,0,2,2,4,3.289,45,2010,0.0
Privilege Underwriters Reciprocal Exchange,0.0,0,0,0,0,2.806,46,2010,0.0
Graphic Arts Mutual Insurance Company,0.0,0,0,3,3,2.552,47,2010,0.0
Integon Preferred Insurance Company,0.0,0,0,0,0,2.211,48,2010,0.0
Federal Insurance Company,0.0,0,2,2,4,2.183,49,2010,0.0
Utica National Assurance Company,0.0,0,3,3,6,2.179,50,2010,0.0
National Surety Corporation,0.0,0,1,0,1,2.173,51,2010,0.0
Fireman's Fund Insurance Company,0.0,0,1,0,1,2.103,52,2010,0.0
MIC Property and Casualty Insurance Corporation,0.0,0,0,1,1,1.953,53,2010,0.0
21st Century Preferred Insurance Company,0.0,0,0,2,2,1.934,54,2010,0.0
Integon National Insurance Company,0.0,0,0,1,1,1.816,55,2010,0.0
Sterling Insurance Company,0.0,0,0,0,0,1.788,56,2010,0.0
Cim Insurance Corporation,0.0,0,0,0,0,1.684,57,2010,0.0
Titan Indemnity Company,0.0,0,1,2,3,1.633,58,2010,0.0
Pacific Indemnity Company,0.0,0,0,0,0,1.536,59,2010,0.0
American Reliable Insurance Company,0.0,0,0,0,0,1.288,60,2010,0.0
Nationwide Assurance Company,0.0,0,0,0,0,1.237,61,2010,0.0
Harleysville Worcester Insurance Company,0.0,0,0,0,0,1.187,62,2010,0.0
A. Central Insurance Company,0.0169,1,13,37,51,59.201,67,2010,0.0196078431372549
American Commerce Insurance Company,0.0226,1,8,14,23,44.313,71,2010,0.043478260869565216
Mercury Casualty Company,0.0292,1,5,13,19,34.257,74,2010,0.05263157894736842
Hartford Insurance Company of the Midwest,0.0299,1,1,9,11,33.443,75,2010,0.09090909090909091
Progressive Max Insurance Company,0.0336,1,2,7,10,29.803,76,2010,0.1
Unitrin Auto and Home Insurance Company,0.0337,1,2,5,8,29.677,78,2010,0.125
Preferred Mutual Insurance Company,0.0362,2,9,12,23,55.206,81,2010,0.08695652173913043
21st Century North America Insurance Company,0.0377,1,5,15,21,26.516,82,2010,0.047619047619047616
Progressive Advanced Insurance Company,0.0386,2,9,20,31,51.753,83,2010,0.06451612903225806
Metropolitan Group Property and Casualty Insurance Company,0.0399,3,5,13,21,75.119,84,2010,0.14285714285714285
Peerless Insurance Company,0.0413,3,15,17,35,72.694,85,2010,0.08571428571428572
"Automobile Insurance Company of Hartford, Connecticut",0.0416,1,2,3,6,24.032,86,2010,0.16666666666666666
Unitrin Preferred Insurance Company,0.0421,1,0,3,4,23.751,87,2010,0.25
Progressive Northwestern Insurance Company,0.0427,2,2,11,15,46.858,89,2010,0.13333333333333333
TravCo Insurance Company,0.0433,1,2,3,6,23.069,90,2010,0.16666666666666666
"Sentinel Insurance Company, Ltd.",0.0478,3,3,10,16,62.721,93,2010,0.1875
Chubb Indemnity Insurance Company,0.0479,1,1,2,4,20.86,94,2010,0.25
Progressive Specialty Insurance Company,0.0481,3,5,11,19,62.395,95,2010,0.15789473684210525
Economy Premier Assurance Company,0.0515,1,1,2,4,19.421,97,2010,0.25
Eveready Insurance Company,0.0598,1,10,24,35,16.712,102,2010,0.02857142857142857
Nationwide General Insurance Company,0.0611,2,10,24,36,32.751,103,2010,0.05555555555555555
USAA Casualty Insurance Company,0.0613,5,6,23,34,81.562,104,2010,0.14705882352941177
State-Wide Insurance Company,0.0672,2,10,24,36,29.762,105,2010,0.05555555555555555
Allmerica Financial Alliance Insurance Company,0.0797,4,7,12,23,50.212,106,2010,0.17391304347826086
Hartford Insurance Company of Illinois,0.081,6,13,16,35,74.058,107,2010,0.17142857142857143
Encompass Insurance Company of America,0.0826,2,4,9,15,24.226,108,2010,0.13333333333333333
Liberty Insurance Corporation,0.0862,1,1,3,5,11.6,109,2010,0.2
Hartford Underwriters Insurance Company,0.0864,1,2,0,3,11.576,110,2010,0.3333333333333333
Merchants Preferred Insurance Company,0.0873,2,3,3,8,22.917,111,2010,0.25
Praetorian Insurance Company,0.0878,4,18,35,57,45.538,112,2010,0.07017543859649122
Hartford Casualty Insurance Company,0.0909,1,3,5,9,11.0,113,2010,0.1111111111111111
Electric Insurance Company,0.091,1,3,3,7,10.99,114,2010,0.14285714285714285
Warner Insurance Company,0.0912,1,2,5,8,10.97,115,2010,0.125
21st Century Centennial Insurance Company,0.097,1,0,8,9,10.312,116,2010,0.1111111111111111
Citizens Insurance Company of America,0.0994,1,2,3,6,10.057,117,2010,0.16666666666666666
Truck Insurance Exchange,0.1032,3,7,19,29,29.073,118,2010,0.10344827586206896
Lincoln General Insurance Company,0.1188,2,15,32,49,16.837,119,2010,0.04081632653061224
American Modern Home Insurance Company,0.1203,1,0,0,1,8.31,120,2010,1.0
Garrison Property and Casualty Insurance Company,0.1218,1,1,1,3,8.211,121,2010,0.3333333333333333
NGM Insurance Company,0.1265,2,3,6,11,15.808,122,2010,0.18181818181818182
Travelers Commercial Insurance Company,0.1278,2,1,4,7,15.648,123,2010,0.2857142857142857
American States Insurance Company,0.1292,2,0,7,9,15.475,124,2010,0.2222222222222222
Farm Family Casualty Insurance Company,0.1319,3,1,12,16,22.745,125,2010,0.1875
Massachusetts Bay Insurance Company,0.1366,1,0,0,1,7.318,126,2010,1.0
Hartford Fire Insurance Company,0.1386,1,0,3,4,7.218,127,2010,0.25
Progressive Casualty Insurance Company,0.1388,7,25,71,103,50.422,128,2010,0.06796116504854369
Encompass Indemnity Company,0.1392,4,4,8,16,28.741,129,2010,0.25
21st Century Premier Insurance Company,0.1428,1,0,1,2,7.001,131,2010,0.5
QBE Insurance Corporation,0.1486,3,14,35,52,20.19,132,2010,0.057692307692307696
Unitrin Direct Insurance Company,0.1519,1,7,9,17,6.582,133,2010,0.058823529411764705
Travelers Indemnity Company of Connecticut,0.155,3,2,4,9,19.36,134,2010,0.3333333333333333
21st Century Indemnity Insurance Company,0.1694,3,4,7,14,17.713,135,2010,0.21428571428571427
Ocean Harbor Casualty Insurance Company,0.1773,1,15,24,40,5.641,136,2010,0.025
ACA Insurance Company,0.1833,2,0,1,3,10.912,137,2010,0.6666666666666666
Response Insurance Company,0.1926,1,1,4,6,5.191,138,2010,0.16666666666666666
Esurance Insurance Company,0.1998,11,6,45,62,55.049,139,2010,0.1774193548387097
21st Century Advantage Insurance Company,0.2239,4,2,14,20,17.868,140,2010,0.2
Metropolitan Property and Casualty Insurance Company,0.2274,1,3,2,6,4.398,141,2010,0.16666666666666666
Nationwide Mutual Fire Insurance Company,0.2369,5,7,15,27,21.11,142,2010,0.18518518518518517
AutoOne Insurance Company,0.2474,11,20,41,72,44.459,143,2010,0.1527777777777778
Interboro Insurance Company,0.2485,2,3,5,10,8.049,144,2010,0.2
Farmers New Century Insurance Company,0.2617,4,8,6,18,15.283,145,2010,0.2222222222222222
Phoenix Insurance Company,0.0,0,1,3,4,42.506,4,2009,0.0
Great Northern Insurance Company,0.0,0,3,5,8,40.097,5,2009,0.0
TravCo Insurance Company,0.0,0,2,2,4,28.076,6,2009,0.0
Chubb Indemnity Insurance Company,0.0,0,1,4,5,25.059,7,2009,0.0
Commerce and Industry Insurance Company,0.0,0,1,3,4,23.817,8,2009,0.0
21st Century National Insurance Company,0.0,0,8,32,40,22.727,9,2009,0.0
Economy Premier Assurance Company,0.0,0,2,3,5,21.35,10,2009,0.0
American Commerce Insurance Company,0.0,0,0,1,1,18.639,11,2009,0.0
Progressive Advanced Insurance Company,0.0,0,2,6,8,18.128,12,2009,0.0
Charter Oak Fire Insurance Company,0.0,0,0,2,2,16.533,13,2009,0.0
Merchants Preferred Insurance Company,0.0,0,1,1,2,14.46,14,2009,0.0
Republic-Franklin Insurance Company,0.0,0,2,2,4,13.669,15,2009,0.0
Citizens Insurance Company of America,0.0,0,1,3,4,12.418,16,2009,0.0
Liberty Insurance Corporation,0.0,0,2,9,11,12.303,17,2009,0.0
USAA General Indemnity Company,0.0,0,4,8,12,12.075,18,2009,0.0
21st Century North America Insurance Company,0.0,0,0,3,3,11.959,19,2009,0.0
"Foremost Insurance Company Grand Rapids, Michigan",0.0,0,1,3,4,10.948,20,2009,0.0
Essentia Insurance Company,0.0,0,0,0,0,10.019,21,2009,0.0
Travelers Commercial Insurance Company,0.0,0,0,2,2,9.968,22,2009,0.0
Massachusetts Bay Insurance Company,0.0,0,1,2,3,9.248,23,2009,0.0
Associated Indemnity Corporation,0.0,0,0,0,0,7.482,24,2009,0.0
National General Insurance Company,0.0,0,0,4,4,7.209,25,2009,0.0
Response Worldwide Insurance Company,0.0,0,3,4,7,7.133,26,2009,0.0
Encompass Home and Auto Insurance Company,0.0,0,3,5,8,6.712,27,2009,0.0
21st Century Premier Insurance Company,0.0,0,1,1,2,6.688,28,2009,0.0
Vigilant Insurance Company,0.0,0,0,0,0,6.675,29,2009,0.0
Balboa Insurance Company,0.0,0,0,0,0,6.539,30,2009,0.0
Travelers Casualty Company of Connecticut,0.0,0,1,1,2,6.288,31,2009,0.0
Nationwide Property and Casualty Insurance Company,0.0,0,3,5,8,5.704,32,2009,0.0
Bankers Standard Insurance Company,0.0,0,0,0,0,5.589,33,2009,0.0
National General Assurance Company,0.0,0,0,3,3,5.478,34,2009,0.0
MIC Property and Casualty Insurance Corporation,0.0,0,1,1,2,5.294,35,2009,0.0
Cim Insurance Corporation,0.0,0,0,1,1,5.202,36,2009,0.0
American Automobile Insurance Company,0.0,0,0,0,0,4.97,37,2009,0.0
Blue Ridge Indemnity Company,0.0,0,0,0,0,4.835,38,2009,0.0
Central Mutual Insurance Company,0.0,0,0,2,2,4.683,39,2009,0.0
National Merit Insurance Company,0.0,0,0,1,1,4.504,40,2009,0.0
SAFECO Insurance Company of America,0.0,0,3,5,8,4.435,41,2009,0.0
American Bankers Insurance Company of Florida,0.0,0,0,2,2,4.268,42,2009,0.0
Countryway Insurance Company,0.0,0,2,2,4,3.773,43,2009,0.0
Harleysville Insurance Company of New York,0.0,0,1,3,4,3.688,44,2009,0.0
American Family Home Insurance Company,0.0,0,1,1,2,3.557,45,2009,0.0
Twin City Fire Insurance Company,0.0,0,1,3,4,3.287,46,2009,0.0
Travelers Indemnity Company of America,0.0,0,3,3,6,3.207,47,2009,0.0
Graphic Arts Mutual Insurance Company,0.0,0,0,0,0,3.16,48,2009,0.0
Hartford Underwriters Insurance Company,0.0,0,0,1,1,2.786,49,2009,0.0
Unitrin Direct Property & Casualty Company,0.0,0,1,1,2,2.707,50,2009,0.0
Utica National Assurance Company,0.0,0,2,2,4,2.548,51,2009,0.0
21st Century Preferred Insurance Company,0.0,0,1,0,1,2.389,52,2009,0.0
Old Dominion Insurance Company,0.0,0,0,0,0,2.351,53,2009,0.0
Integon Preferred Insurance Company,0.0,0,0,0,0,2.309,54,2009,0.0
National Surety Corporation,0.0,0,0,0,0,2.251,55,2009,0.0
Philadelphia Indemnity Insurance Company,0.0,0,0,2,2,2.093,56,2009,0.0
Pacific Indemnity Company,0.0,0,0,0,0,1.836,57,2009,0.0
Sterling Insurance Company,0.0,0,0,3,3,1.774,58,2009,0.0
Merchants Mutual Insurance Company,0.0,0,7,4,11,1.771,59,2009,0.0
Nationwide Assurance Company,0.0,0,0,2,2,1.727,60,2009,0.0
Harleysville Worcester Insurance Company,0.0,0,0,0,0,1.422,61,2009,0.0
American Reliable Insurance Company,0.0,0,0,0,0,1.358,62,2009,0.0
Metropolitan General Insurance Company,0.0,0,1,0,1,1.166,63,2009,0.0
Chubb National Insurance Company,0.0,0,0,1,1,1.156,64,2009,0.0
Hermitage Insurance Company,0.0,0,1,2,3,1.151,65,2009,0.0
Erie Insurance Company,0.0165,1,11,16,28,60.425,70,2009,0.03571428571428571
Kemper Independence Insurance Company,0.0209,1,6,11,18,47.891,72,2009,0.05555555555555555
Encompass Indemnity Company,0.025,1,7,5,13,40.028,74,2009,0.07692307692307693
Encompass Insurance Company of America,0.0328,1,3,11,15,30.472,76,2009,0.06666666666666667
Unitrin Preferred Insurance Company,0.0354,1,2,6,9,28.214,79,2009,0.1111111111111111
Allmerica Financial Alliance Insurance Company,0.0373,2,5,8,15,53.64,80,2009,0.13333333333333333
Progressive Northwestern Insurance Company,0.0401,2,2,12,16,49.883,81,2009,0.125
Nationwide Insurance Company of America,0.0406,3,3,10,16,73.873,82,2009,0.1875
Metropolitan Group Property and Casualty Insurance Company,0.0413,3,5,21,29,72.689,83,2009,0.10344827586206896
Travelers Indemnity Company of Connecticut,0.0426,1,2,1,4,23.468,84,2009,0.25
Progressive Specialty Insurance Company,0.0444,1,0,7,8,22.534,85,2009,0.125
IDS Property Casualty Insurance Company,0.0473,1,3,1,5,21.141,87,2009,0.2
Farmington Casualty Company,0.0544,1,8,9,18,18.38,90,2009,0.05555555555555555
Main Street America Assurance Company,0.0546,2,2,1,5,36.622,91,2009,0.4
Unitrin Auto and Home Insurance Company,0.057,2,6,8,16,35.07,92,2009,0.125
First Liberty Insurance Corporation,0.0605,1,3,8,12,16.537,93,2009,0.08333333333333333
Nationwide Mutual Fire Insurance Company,0.0707,2,6,17,25,28.282,97,2009,0.08
"Sentinel Insurance Company, Ltd.",0.0719,5,8,15,28,69.495,98,2009,0.17857142857142858
USAA Casualty Insurance Company,0.0732,6,8,18,32,81.938,99,2009,0.1875
21st Century Indemnity Insurance Company,0.0779,2,8,27,37,25.673,100,2009,0.05405405405405406
Eveready Insurance Company,0.0804,1,5,19,25,12.441,101,2009,0.04
Praetorian Insurance Company,0.081,2,16,19,37,24.694,102,2009,0.05405405405405406
Electric Insurance Company,0.0861,1,0,11,12,11.613,103,2009,0.08333333333333333
Hartford Accident and Indemnity Company,0.0866,1,6,8,15,11.548,104,2009,0.06666666666666667
Hartford Insurance Company of Illinois,0.09,7,8,22,37,77.784,105,2009,0.1891891891891892
Progressive Max Insurance Company,0.0911,1,3,2,6,10.977,106,2009,0.16666666666666666
Preferred Mutual Insurance Company,0.0948,5,9,23,37,52.749,107,2009,0.13513513513513514
Encompass Property and Casualty Company,0.1021,1,1,2,4,9.797,108,2009,0.25
Hartford Insurance Company of the Midwest,0.1045,4,1,12,17,38.287,109,2009,0.23529411764705882
A. Central Insurance Company,0.1065,5,18,26,49,46.936,110,2009,0.10204081632653061
Hartford Fire Insurance Company,0.1083,1,0,3,4,9.235,111,2009,0.25
Utica National Insurance Company of Texas,0.1215,1,0,1,2,8.231,112,2009,0.5
State-Wide Insurance Company,0.1224,4,13,24,41,32.667,113,2009,0.0975609756097561
ACA Insurance Company,0.1286,1,2,5,8,7.773,115,2009,0.125
Standard Fire Insurance Company,0.1356,1,2,2,5,7.377,116,2009,0.2
"Automobile Insurance Company of Hartford, Connecticut",0.1366,4,3,0,7,29.286,117,2009,0.5714285714285714
Insurance Company of the State of Pennsylvania,0.1405,4,7,10,21,28.477,118,2009,0.19047619047619047
American States Insurance Company,0.1521,1,1,5,7,6.575,120,2009,0.14285714285714285
Progressive Casualty Insurance Company,0.1523,2,16,52,70,13.133,121,2009,0.02857142857142857
Response Worldwide Direct Auto Insurance Company,0.1539,1,1,3,5,6.497,122,2009,0.2
Peerless Insurance Company,0.1593,10,8,17,35,62.781,123,2009,0.2857142857142857
Warner Insurance Company,0.16,2,3,9,14,12.503,124,2009,0.14285714285714285
Response Insurance Company,0.16,1,4,5,10,6.251,125,2009,0.1
Mercury Casualty Company,0.1626,5,9,15,29,30.748,126,2009,0.1724137931034483
Farm Family Casualty Insurance Company,0.1693,4,3,6,13,23.623,127,2009,0.3076923076923077
Lincoln General Insurance Company,0.1746,8,29,83,120,45.809,128,2009,0.06666666666666667
NGM Insurance Company,0.1757,3,5,8,16,17.076,129,2009,0.1875
Metropolitan Property and Casualty Insurance Company,0.1916,1,1,2,4,5.22,130,2009,0.25
Unitrin Advantage Insurance Company,0.1982,1,0,7,8,5.045,131,2009,0.125
21st Century Centennial Insurance Company,0.1988,2,0,10,12,10.058,132,2009,0.16666666666666666
Esurance Insurance Company,0.2033,12,20,56,88,59.012,133,2009,0.13636363636363635
Truck Insurance Exchange,0.2078,6,5,9,20,28.879,134,2009,0.3
21st Century Advantage Insurance Company,0.2089,5,3,16,24,23.94,135,2009,0.20833333333333334
Garrison Property and Casualty Insurance Company,0.2207,1,0,2,3,4.53,136,2009,0.3333333333333333
American Modern Home Insurance Company,0.2315,2,2,5,9,8.64,137,2009,0.2222222222222222
Nationwide General Insurance Company,0.2316,7,12,34,53,30.221,138,2009,0.1320754716981132
Property and Casualty Insurance Company of Hartford,0.2521,1,0,1,2,3.967,139,2009,0.5
Interboro Insurance Company,0.2658,2,8,6,16,7.524,140,2009,0.125
